Workbook

Sheet Inputs-new
A1: Patient UR | B1: Patient Name | C1: Sex (M/F) | D1: DOB | E1: Height (cm) | F1: Weight (Kg) | G1: Patient Effective Mass (kg) | H1: Injected Activity as per Dose Calibrator (MBq) | I1: Injected Activity- Based on deay correction PET measurement (MBq) | J1: Injected Activity Based PET - Equivalent I-131 | K1: Pet Correction Factor | L1: Injection Time | M1: Reference Dose Preparation (Date/Time) | N1: Reference Dose Activity (MBq) | O1: Reference Source Count (Date/Time) | P1: Volume of Diluted Radioisotope Solution (ml) | Q1: Reference Counts (CPM) | R1: Background Counts (CPM) | S1: Reference (MBq/ml) | T1: Reference Counts (Decay Corrected) | U1: Correction Factor | V1: Scan Time 1 | W1: Whole Body Mean SUV 1 (Bq/ml) | X1: Volume of Whole Body 1 (cm^3) | Y1: Δt (hours) | Z1: Estimate Whole Body Activity (MBq) 1 | AA1: Estimate WB Activity - I-131 (MBq) 1 | AB1: Scan Time 2 | AC1: Whole Body Mean SUV 2 (Bq/ml) | AD1: Volume of Whole Body 2 (cm^3) | AE1: Δt (hours) | AF1: Estimate Whole Body Activity (Bq) 2 | AG1: Estimate WB Activity - I-131 (MBq) 1 | AH1: Scan Time 3 | AI1: Whole Body Mean SUV 3 (Bq/ml) | AJ1: Volume of Whole Body 3 (cm^3) | AK1: Δt (hours) | AL1: Estimate Whole Body Activity (Bq) 3 | AM1: Estimate WB Activity - I-131 (MBq) 1 | AN1: Scan Time 4 | AO1: Whole Body Mean SUV 4 (Bq/ml) | AP1: Volume of Whole Body 4 (cm^3) | AQ1: Δt (hours) | AR1: Estimate Whole Body Activity (Bq) 4 | AS1: Estimate WB Activity - I-131 (MBq) 1 | AT1: Scan Time 5 | AU1: Whole Body Mean SUV 5 (Bq/ml) | AV1: Volume of Whole Body 5 (cm^3) | AW1: Δt (hours) | AX1: Estimate Whole Body Activity (Bq) 5 | AY1: Estimate WB Activity - I-131 (MBq) 1 | AZ1: Time Bloods Taken 1 | BA1: Time Bloods Measured 1 | BB1: Counts (Background Corrected) (CPM) | BC1: Δt (hours) | BD1: Counts (Background & Decay Corrected) | BE1: Counts (I-124 to I-131 Corrected) | BF1: Estimate Blood Activity I124 (MBq/ml) | BG1: Estimate Blood Activity I131 (MBq/ml) | BH1: Time Bloods Taken 2 | BI1: Time Bloods Measured 2 | BJ1: Counts (Background Corrected) (CPM) | BK1: Δt (hours) | BL1: Counts (Background & Decay Corrected) | BM1: Counts (I-124 to I-131 Corrected) | BN1: Estimate Blood Activity I124 (MBq/ml) | BO1: Estimate Blood Activity I131 (MBq/ml) | BP1: Time Bloods Taken 3 | BQ1: Time Bloods Measured 3 | BR1: Counts (Background Corrected) (CPM) | BS1: Δt (hours) | BT1: Counts (Background & Decay Corrected) | BU1: Counts (I-124 to I-131 Corrected) | BV1: Estimate Blood Activity I124 (MBq/ml) | BW1: Estimate Blood Activity I131 (MBq/ml) | BX1: Time Bloods Taken 4 | BY1: Time Bloods Measured 4 | BZ1: Counts (Background Corrected) (CPM) | CA1: Δt (hours) | CB1: Counts (Background & Decay Corrected) | CC1: Counts (I-124 to I-131 Corrected) | CD1: Estimate Blood Activity I124 (MBq/ml) | CE1: Estimate Blood Activity I131 (MBq/ml) | CF1: Time Bloods Taken 5 | CG1: Time Bloods Measured 5 | CH1: Counts (Background Corrected) (CPM) | CI1: Δt (hours) | CJ1: Counts (Background & Decay Corrected) | CK1: Counts (I-124 to I-131 Corrected) | CL1: Estimate Blood Activity I124 (MBq/ml) | CM1: Estimate Blood Activity I131 (MBq/ml) | CN1: WB Activity 1 | CO1: WB Activity 2 | CP1: WB Activity 3 | CQ1: WB Activity 4 | CR1: WB Activity 5 | CS1: Time 1 | CT1: Time 2 | CU1: Time 3 | CV1: Time 4 | CW1: Time 5 | CX1: Non-Normalised Whole Body (m) | CY1: Non-Normalised Whole Body (b) | CZ1: Time 1 | DA1: Time 2 | DB1: Time 3 | DC1: Time 4 | DD1: Time 5 | DE1: Time 6 | DF1: Time 7 | DG1: Time 8 | DH1: Time 9 | DI1: Time 10 | DJ1: Time 11 | DK1: Time 12 | DL1: Time 13 | DM1: Time 14 | DN1: Activity 1 | DO1: Activity 2 | DP1: Activity 3 | DQ1: Activity 4 | DR1: Activity 5 | DS1: Activity 6 | DT1: Activity 7 | DU1: Activity 8 | DV1: Activity 9 | DW1: Activity 10 | DX1: Activity 11 | DY1: Activity 12 | DZ1: Activity 13 | EA1: Activity 14 | EB1: LOGEST Normalised (m) WB | EC1: LOGEST Normalised (b) WB | ED1: Decay Constant WB (Bio + Phys) | EE1: Half Life WB (Bio + Phys) (h) | EF1: Residence Time (h) WB | EG1: Activity 1 | EH1: Activity 2 | EI1: Activity 3 | EJ1: Activity 4 | EK1: Activity 5 | EL1: Time 1 | EM1: Time 2 | EN1: Time 3 | EO1: Time 4 | EP1: Time 5 | EQ1: LOGEST Non-Normalised Blood (m) | ER1: LOGEST Non-Normalised Bloods (b) | ES1: Time 1 Blood | ET1: Time 2 Blood | EU1: Time 3 Blood | EV1: Time 4 Blood | EW1: Time 5 Blood | EX1: Time 6 Blood | EY1: Time 7 Blood | EZ1: Time 8 Blood | FA1: Time 9 Blood | FB1: Time 10 Blood | FC1: Time 11 Blood | FD1: Blood 12 Blood | FE1: Time 13 Blood | FF1: Time 14 Blood | FG1: Time 15 Blood | FH1: Time 16 Blood | FI1: Time 17 Blood | FJ1: Time 18 Blood | FK1: Activity 1 Blood | FL1: Activity 2 Blood | FM1: Activity 3 Blood | FN1: Activity 4 Blood | FO1: Activity 5 Blood | FP1: Activity 6 Blood | FQ1: Activity 7 Blood | FR1: Activity 8 Blood | FS1: Activity 9 Blood | FT1: Activity 10 Blood | FU1: Activity 11 Blood | FV1: Activity 12 Blood | FW1: Activity 13 Blood | FX1: Activity 14 Blood | FY1: Activity 15 Blood | FZ1: Activity 16 Blood | GA1: Activity 17 Blood | GB1: Activity 18 Blood | GC1: LOGEST Blood Normalised (m) | GD1: LOGEST Blood Normalised (b) | GE1: Decay Constant Biological Blood (h^-1) | GF1: Biological Half Life Blood (h) | GG1: Effective Half-Life Blood(Bio+Phys) (h) for I-131 | GH1: Residence Time Blood (h) | GI1: LUNGS (GBq) | GK1: S(Blood<- WB) | GL1: Absorbed Dose/ Per Activity (Gy/GBq.h) | GM1: Max Dose (GBq) | GO1: GBq | GP1: mCi | GQ1: GBq | GR1: mCi | GS1: Nodal Activity Time 1 (KBq/ml) | GT1: Measured Volume 1 (cm^3) | GU1: Measured Background 1 (kBq/ml) | GV1: Date Time 1 | GW1: Time post Injection 1 | GX1: Diameter of the Node (mm) | GY1: Volume/ Mass of Node (g) - Assume Spherical | GZ1: Initial activity concentration (MBq/g) - C0 | HA1: Nodal Activity Time 2 (KBq/ml) | HB1: Volume Measured 2 (cm3) | HC1: Measured Background 2 (kBq/ml) | HD1: Date/Time 2 | HE1: Time Post Injection 2 | HF1: Nodal Activity Time 3 (KBq/ml) | HG1: Volume Measured 3 (cm3) | HH1: Measured Background 3 (kBq/ml) | HI1: Date/Time 3 | HJ1: Time Post Injection 3 | HK1: Nodal Activity Time 4 (KBq/ml) | HL1: Volume Measured 4 (cm3) | HM1: Measured Background 4 (kBq/ml) | HN1: Date/Time 4 | HO1: Time Post Injection 4 | HP1: Nodal Activity Time 5 (KBq/ml) | HQ1: Volume Measured 5 (cm3) | HR1: Measured Background 5 (kBq/ml) | HS1: Date/Time 5 | HT1: Time Post Injection 5 | HU1: Time 1 | HV1: Time 2 | HW1: Time 3 | HX1: Time 4 | HY1: Time 5 | HZ1: Activity 1 | IA1: Activity 2 | IB1: Activity 3 | IC1: Activity 4 | ID1: Activity 5 | IE1: Activity (Decay Corrected 1) | IF1: Activity (Decay Corrected 2) | IG1: Activity (Decay Corrected3) | IH1: Activity (Decay Corrected 4) | II1: Activity (Decay Corrected 5) | IJ1: Decay Constant (m) | IK1: Decay Constant (b) | IL1: m = e^-lamba LN(m) | IM1: Biological Half Life | IN1: Effective Half-Life (I-131) | IO1: Initial Activity Concentration (b0) (kBq/ml) | IP1: Initial Activity Concentration per Injected Activity (kBq/ml *Mbq) | IQ1: Integration Factor (Decay Constant for effective half life) | IR1: Cumulated Activity Conc (MBq*h/ml)/MBq | IS1: I-131 Dose Factor (mGy*ml/MBq*h) | IT1: Dose per mGy/MBq | IU1: Dose per Gy/MBq | IV1: Dose Required for 80Gy to Tumour (GBq)
A2: 1 | C2: M | E2: 183 | F2: 125.4 | G2: =IF(C2 = "M", 65.76+(1.452*(E2-152)), 62.34+(1.247*(E2-152))) -> 110.772 | I2: =AA2*EXP(DATA!$B$4*Y2) -> 94.038521 | L2: 43423.625 | M2: 43423.644 | N2: 3.67 | O2: 43425.375 | P2: 200 | Q2: 61327 | S2: =N2/P2 -> 0.01835 | T2: =Q2*EXP((O2-M2)*24*DATA!$B$4) -> 81720.443 | U2: =T2/S2 -> 4453430.1 | V2: 43423.708 | W2: 380.2 | X2: 242335.35 | Y2: =IF(V2="","",(V2-$L2)*24) -> 2 | Z2: =IF(W2 = "", "", W2*X2/1000000) -> 92.1359 | AA2: =IF(Z2 = "", "", Z2*EXP(Y2*DATA!$B$4)*EXP(-DATA!$B$5*'Inputs-new'!Y2)) -> 92.747966 | AB2: 43424.331 | AC2: 192.2 | AD2: 254900.8 | AE2: =IF(AB2="","",(AB2-$L2)*24) -> 16.95 | AF2: =IF(AC2 = "", "", AC2*AD2/1000000) -> 48.991934 | AG2: =IF(AF2 = "", "", AF2*EXP(AE2*DATA!$B$4)*EXP(-DATA!$B$5*'Inputs-new'!AE2)) -> 51.819659 | AH2: 43425 | AI2: 109.8 | AJ2: 240438.39 | AK2: =IF(AH2="","",(AH2-$L2)*24) -> 33 | AL2: =IF(AI2 = "", "", AI2*AJ2/1000000) -> 26.400135 | AM2: =IF(AL2 = "", "", AL2*EXP(AK2*DATA!$B$4)*EXP(-DATA!$B$5*'Inputs-new'!AK2)) -> 29.44775 | AN2: 43426.333 | AO2: 56 | AP2: 228751.2 | AQ2: =IF(AN2="","",(AN2-$L2)*24) -> 65 | AR2: =IF(AO2 = "", "", AO2*AP2/1000000) -> 12.810067 | AS2: =IF(AR2 = "", "", AR2*EXP(AQ2*DATA!$B$4)*EXP(-DATA!$B$5*'Inputs-new'!AQ2)) -> 15.885671 | AT2: 43427.333 | AU2: 26.5 | AV2: 221386.05 | AW2: =IF(AT2="","",(AT2-$L2)*24) -> 89 | AX2: =IF(AU2 = "", "", AU2*AV2/1000000) -> 5.8667303 | AY2: =IF(AX2 = "", "", AX2*EXP(AW2*DATA!$B$4)*EXP(-DATA!$B$5*'Inputs-new'!AW2)) -> 7.8769202 | AZ2: 43423.694 | BA2: 43427.469 | BB2: 3976 | BC2: =IF(AZ2 = "", "", 24*(AZ2-$L2)) -> 1.6666667 | BD2: =IF(BB2 = "", "", BB2*EXP(DATA!$B$4*(BA2-AZ2)*24)) -> 7434.6337 | BE2: =IF(BD2 = "", "", BD2*EXP(BC2*DATA!$B$4)*EXP(-BC2*DATA!$B$5)) -> 7475.7684 | BF2: =BD2*$S$2/$T$2 -> 0.0016694174 | BG2: =BE2*($S$2/$T$2) -> 0.001678654 | BH2: 43424.322 | BI2: 43427.47 | BJ2: 3509 | BK2: =IF(BH2 = "", "", 24*(BH2-$L2)) -> 16.733333 | BL2: =IF(BJ2 = "", "", BJ2*EXP(DATA!$B$4*(BI2-BH2)*24)) -> 5914.0648 | BM2: =IF(BL2 = "", "", BL2*EXP(BK2*DATA!$B$4)*EXP(-BK2*DATA!$B$5)) -> 6250.9286 | BN2: =BL2*$S$2/$T$2 -> 0.0013279797 | BO2: =BM2*($S$2/$T$2) -> 0.0014036211 | BP2: 43425.326 | BQ2: 43427.472 | BR2: 1835 | BS2: =IF(BP2 = "", "", 24*(BP2-$L2)) -> 40.833333 | BT2: =IF(BR2 = "", "", BR2*EXP(DATA!$B$4*(BQ2-BP2)*24)) -> 2618.9185 | BU2: =IF(BT2 = "", "", BT2*EXP(BS2*DATA!$B$4)*EXP(-BS2*DATA!$B$5)) -> 2997.9914 | BV2: =BT2*$S$2/$T$2 -> 0.00058806773 | BW2: =BU2*($S$2/$T$2) -> 0.00067318702 | BX2: 43426.34 | BY2: 43427.473 | BZ2: 1229 | CA2: =IF(BX2 = "", "", 24*(BX2-$L2)) -> 65.166667 | CB2: =IF(BZ2 = "", "", BZ2*EXP(DATA!$B$4*(BY2-BX2)*24)) -> 1482.9307 | CC2: =IF(CB2 = "", "", CB2*EXP(CA2*DATA!$B$4)*EXP(-CA2*DATA!$B$5)) -> 1839.9865 | CD2: =CB2*$S$2/$T$2 -> 0.00033298618 | CE2: =CC2*($S$2/$T$2) -> 0.00041316165 | CF2: 43427.375 | CG2: 43427.474 | CH2: 687 | CI2: =IF(CF2 = "", "", 24*(CF2-$L2)) -> 90 | CJ2: =IF(CH2 = "", "", CH2*EXP(DATA!$B$4*(CG2-CF2)*24)) -> 698.4067 | CK2: =IF(CJ2 = "", "", CJ2*EXP(CI2*DATA!$B$4)*EXP(-CI2*DATA!$B$5)) -> 940.81986 | CL2: =CJ2*$S$2/$T$2 -> 0.00015682444 | CM2: =CK2*($S$2/$T$2) -> 0.00021125735 | CN2: =AA2 -> 92.747966 | CO2: =AG2 -> 51.819659 | CP2: =AM2 -> 29.44775 | CQ2: =AS2 -> 15.885671 | CR2: =AY2 -> 7.8769202 | CS2: =Y2 -> 2 | CT2: =AE2 -> 16.95 | CU2: =AK2 -> 33 | CV2: =AQ2 -> 65 | CW2: =AW2 -> 89 | CX2: {=LOGEST(CN2:CR2, CS2:CW2, TRUE, FALSE)} -> 0.97331581 | CY2: 85.796477 | CZ2: 0 | DA2: 2 | DB2: 4 | DC2: 10 | DD2: 18 | DE2: 24 | DF2: 26 | DG2: 34 | DH2: 42 | DI2: 48 | DJ2: 50 | DK2: 58 | DL2: 66 | DM2: 74 | DN2: =($CY$2*$CX$2^CZ2)/$I2 -> 0.9123546 | DO2: =($CY$2*$CX$2^DA2)/$I2 -> 0.86431335 | DP2: =($CY$2*$CX$2^DB2)/$I2 -> 0.81880178 | DQ2: =($CY$2*$CX$2^DC2)/$I2 -> 0.6961478 | DR2: =($CY$2*$CX$2^DD2)/$I2 -> 0.56070146 | DS2: =($CY$2*$CX$2^DE2)/$I2 -> 0.47671011 | DT2: =($CY$2*$CX$2^DF2)/$I2 -> 0.45160831 | DU2: =($CY$2*$CX$2^DG2)/$I2 -> 0.36374091 | ... EA2: =($CY$2*$CX$2^DM2)/$I2 -> 0.12329439 | EB2: {=LOGEST(DN2:EA2, CZ2:DM2, TRUE, TRUE)} -> 0.97331581 | EC2: 0.9123546 | ED2: =-LN(DW2/DN2)/DI2 -> 0.027046673 | EE2: =LN(2)/ED2 -> 25.627817 | EF2: =(EC2*EE2)/LN(2) -> 33.7326 | EG2: =BG2 -> 0.001678654 | EH2: =BO2 -> 0.0014036211 | EI2: =BW2 -> 0.00067318702 | EJ2: =CE2 -> 0.00041316165 | EK2: =CM2 -> 0.00021125735 | EL2: =BC2 -> 1.6666667 | EM2: =BK2 -> 16.733333 | EN2: =BS2 -> 40.833333 | EO2: =CA2 -> 65.166667 | EP2: =CI2 -> 90 | EQ2: 0.980234 | ER2: 0.001772335 | ES2: 0 | ET2: 2 | EU2: 4 | EV2: 10 | EW2: 18 | EX2: 24 | EY2: 26 | EZ2: 34 | FA2: 42 | FB2: 48 | FC2: 50 | FD2: 58 | FE2: 66 | FF2: 72 | FG2: 78 | FH2: 84 | FI2: 90 | FJ2: 96 | FK2: =($ER2*$EQ$2^ES2)/$I2 -> 1.8846904e-05 | FL2: =($ER2*$EQ$2^ET2)/$I2 -> 1.8109212e-05 | FM2: =($ER2*$EQ$2^EU2)/$I2 -> 1.7400394e-05 | FN2: =($ER2*$EQ$2^EV2)/$I2 -> 1.5436102e-05 | FO2: =($ER2*$EQ$2^EW2)/$I2 -> 1.3157572e-05 | FP2: =($ER2*$EQ$2^EX2)/$I2 -> 1.1672243e-05 | FQ2: =($ER2*$EQ$2^EY2)/$I2 -> 1.1215376e-05 | FR2: =($ER2*$EQ$2^EZ2)/$I2 -> 9.5598689e-06 | ... GB2: =($ER2*$EQ$2^FJ2)/$I2 -> 2.7726637e-06 | GC2: {=LOGEST(FK2:GB2, ES2:FJ2, TRUE, TRUE)} -> 0.980234 | GD2: 1.8846904e-05 | GE2: =-LN(#REF!/#REF!)/#REF! -> #REF! | GF2: =LN(2)/GE2 -> #REF! | GG2: =(GF2*DATA!$B$3)/(DATA!$B$3+#REF!) -> #REF! | GH2: =(GG2*GD2)/LN(2) -> #REF! | GI2: =DATA!B6/DW2 -> 11.883562 | GK2: =IF(G2<F2, 0.0188*(G2^(-2/3)), 0.0188*F2^(-2/3)) -> 0.00081508803 | GL2: =GK2*EF2 + GH2*DATA!$B$8 -> #REF! | GM2: =DATA!B7/GL2 -> #REF! | GO2: =GI2 -> 11.883562 | GP2: =ROUNDDOWN(GO2*27.027,0) -> 321 | GQ2: =GM2 -> #REF! | GR2: =ROUNDDOWN(GQ2 * 27.027,0) -> #REF! | GV2: =V2 -> 43423.708 | GW2: =Y2 -> 2 | GY2: =IF(GX2 = "", "", 0.001 * 4/3 *3.14159265*(GX2/2)^3) | GZ2: =IF(GS2 = "", "", GS2/GY2) | HD2: =AB2 -> 43424.331 | HE2: =AE2 -> 16.95 | HI2: =AH2 -> 43425 | HJ2: =AK2 -> 33 | HN2: =AN2 -> 43426.333 | HO2: =AQ2 -> 65 | HS2: =AT2 -> 43427.333 | HT2: =AW2 -> 89 | IL2: =IF(IK2="","",-LN(IJ2)) | IM2: =LN(2)/IL2 -> #VALUE!
A3: 2 | C3: F | E3: 168 | F3: 73 | G3: =IF(C3 = "M", 65.76+(1.452*(E3-152)), 62.34+(1.247*(E3-152))) -> 82.292 | I3: =AA3*EXP(DATA!$B$4*Y3) -> 37.319186 | K3: 0.61176471 | L3: 44144.651 | M3: 44144.674 | N3: 8.05 | O3: 44152.427 | P3: 200 | Q3: 125373.5 | S3: =N3/P3 -> 0.04025 | T3: =Q3*EXP((O3-M3)*24*DATA!$B$4) -> 453456.44 | U3: =T3/S3 -> 11265998 | V3: 44144.753 | W3: 178.7 | X3: 203672.97 | Y3: =IF(V3="","",(V3-$L3)*24) -> 2.45 | Z3: =IF(W3 = "", "", W3*X3/1000000) -> 36.39636 | AA3: =IF(Z3 = "", "", Z3*EXP(Y3*DATA!$B$4)*EXP(-DATA!$B$5*'Inputs-new'!Y3)) -> 36.692766 | AB3: 44145.337 | AC3: 138.2 | AD3: 191526 | AE3: =IF(AB3="","",(AB3-$L3)*24) -> 16.45 | AF3: =IF(AC3 = "", "", AC3*AD3/1000000) -> 26.468893 | AG3: =IF(AF3 = "", "", AF3*EXP(AE3*DATA!$B$4)*EXP(-DATA!$B$5*'Inputs-new'!AE3)) -> 27.950326 | AH3: 44146.34 | AI3: 78.5 | AJ3: 221618.9 | AK3: =IF(AH3="","",(AH3-$L3)*24) -> 40.533333 | AL3: =IF(AI3 = "", "", AI3*AJ3/1000000) -> 17.397084 | AM3: =IF(AL3 = "", "", AL3*EXP(AK3*DATA!$B$4)*EXP(-DATA!$B$5*'Inputs-new'!AK3)) -> 19.895438 | AN3: 44148.31 | AO3: 27.8 | AP3: 202103.07 | AQ3: =IF(AN3="","",(AN3-$L3)*24) -> 87.8 | AR3: =IF(AO3 = "", "", AO3*AP3/1000000) -> 5.6184653 | AS3: =IF(AR3 = "", "", AR3*EXP(AQ3*DATA!$B$4)*EXP(-DATA!$B$5*'Inputs-new'!AQ3)) -> 7.5136804 | AW3: =IF(AT3="","",(AT3-$L3)*24) | AX3: =IF(AU3 = "", "", AU3*AV3/1000000) | AY3: =IF(AX3 = "", "", AX3*EXP(AW3*DATA!$B$4)*EXP(-DATA!$B$5*'Inputs-new'!AW3)) | AZ3: 44144.74 | BA3: 44152.427 | BB3: 7168.75 | BC3: =IF(AZ3 = "", "", 24*(AZ3-$L3)) -> 2.1166667 | BD3: =IF(BB3 = "", "", BB3*EXP(DATA!$B$4*(BA3-AZ3)*24)) -> 25649.102 | BE3: =IF(BD3 = "", "", BD3*EXP(BC3*DATA!$B$4)*EXP(-BC3*DATA!$B$5)) -> 25829.465 | BF3: =BD3*$S$3/$T$3 -> 0.0022766825 | BG3: =BE3*($S$3/$T$3) -> 0.0022926921 | BH3: 44145.323 | BI3: 44152.427 | BJ3: 5839.5 | BK3: =IF(BH3 = "", "", 24*(BH3-$L3)) -> 16.116667 | BL3: =IF(BJ3 = "", "", BJ3*EXP(DATA!$B$4*(BI3-BH3)*24)) -> 18966.824 | BM3: =IF(BL3 = "", "", BL3*EXP(BK3*DATA!$B$4)*EXP(-BK3*DATA!$B$5)) -> 20006.286 | BN3: =BL3*$S$3/$T$3 -> 0.0016835458 | BO3: =BM3*($S$3/$T$3) -> 0.0017758111 | BP3: 44146.333 | BQ3: 44152.427 | BR3: 4446 | BS3: =IF(BP3 = "", "", 24*(BP3-$L3)) -> 40.366667 | BT3: =IF(BR3 = "", "", BR3*EXP(DATA!$B$4*(BQ3-BP3)*24)) -> 12212.976 | BU3: =IF(BT3 = "", "", BT3*EXP(BS3*DATA!$B$4)*EXP(-BS3*DATA!$B$5)) -> 13959.149 | BV3: =BT3*$S$3/$T$3 -> 0.0010840562 | BW3: =BU3*($S$3/$T$3) -> 0.0012390512 | BX3: 44148.302 | BY3: 44152.427 | BZ3: 1752 | CA3: =IF(BX3 = "", "", 24*(BX3-$L3)) -> 87.616667 | CB3: =IF(BZ3 = "", "", BZ3*EXP(DATA!$B$4*(BY3-BX3)*24)) -> 3472.1876 | CC3: =IF(CB3 = "", "", CB3*EXP(CA3*DATA!$B$4)*EXP(-CA3*DATA!$B$5)) -> 4640.605 | CD3: =CB3*$S$3/$T$3 -> 0.00030820061 | CE3: =CC3*($S$3/$T$3) -> 0.00041191245 | CI3: =IF(CF3 = "", "", 24*(CF3-$L3)) | CJ3: =IF(CH3 = "", "", CH3*EXP(DATA!$B$4*(CG3-CF3)*24)) | CK3: =IF(CJ3 = "", "", CJ3*EXP(CI3*DATA!$B$4)*EXP(-CI3*DATA!$B$5)) | CN3: =AA3 -> 36.692766 | CO3: =AG3 -> 27.950326 | CP3: =AM3 -> 19.895438 | CQ3: =AS3 -> 7.5136804 | CR3: =AY3 | CS3: =Y3 -> 2.45 | CT3: =AE3 -> 16.45 | CU3: =AK3 -> 40.533333 | CV3: =AQ3 -> 87.8 | CW3: =AW3 | CX3: {=LOGEST(CN3:CQ3,CS3:CV3,TRUE, FALSE)} -> 0.98173103 | CY3: 39.006366 | CZ3: 0 | DA3: 2 | DB3: 4 | DC3: 10 | DD3: 18 | DE3: 24 | DF3: 26 | DG3: 34 | DH3: 42 | DI3: 48 | DJ3: 50 | DK3: 58 | DL3: 66 | DM3: 74 | DN3: =($CY$3*$CX$3^CZ3)/$I$3 -> 1.0452095 | DO3: =($CY$3*$CX$3^DA3)/$I$3 -> 1.0073685 | DP3: =($CY$3*$CX$3^DB3)/$I$3 -> 0.97089754 | DQ3: =($CY$3*$CX$3^DC3)/$I$3 -> 0.86921758 | DR3: =($CY$3*$CX$3^DD3)/$I$3 -> 0.75001274 | DS3: =($CY$3*$CX$3^DE3)/$I$3 -> 0.67146556 | DT3: =($CY$3*$CX$3^DF3)/$I$3 -> 0.64715569 | DU3: =($CY$3*$CX$3^DG3)/$I$3 -> 0.5584045 | ... EA3: =($CY$3*$CX$3^DM3)/$I$3 -> 0.26708506 | EB3: {=LOGEST(DN3:EA3, CZ3:DM3, TRUE, TRUE)} -> 0.98173103 | EC3: 1.0452095 | ED3: =-LN(DW3/DN3)/DI3 -> 0.018437911 | EE3: =LN(2)/ED3 -> 37.593585 | EF3: =(EC3*EE3)/LN(2) -> 56.688063 | EG3: =BG3 -> 0.0022926921 | EH3: =BO3 -> 0.0017758111 | EI3: =BW3 -> 0.0012390512 | EJ3: =CE3 -> 0.00041191245 | EL3: =BC3 -> 2.1166667 | EM3: =BK3 -> 16.116667 | EN3: =BS3 -> 40.366667 | EO3: =CA3 -> 87.616667 | EQ3: {=LOGEST(EG3:EJ3, EL3:EO3, TRUE, TRUE)} -> 0.98013568 | ER3: 0.0024999706 | ES3: 0 | ET3: 2 | EU3: 4 | EV3: 10 | EW3: 18 | EX3: 24 | EY3: 26 | EZ3: 34 | FA3: 42 | FB3: 48 | FC3: 50 | FD3: 58 | FE3: 66 | FF3: 72 | FG3: 78 | FH3: 84 | FI3: 90 | FJ3: 96 | FK3: =($ER3*$EQ$3^ES3)/$I3 -> 6.6988883e-05 | FL3: =($ER3*$EQ$3^ET3)/$I3 -> 6.4353939e-05 | FM3: =($ER3*$EQ$3^EU3)/$I3 -> 6.1822638e-05 | FN3: =($ER3*$EQ$3^EV3)/$I3 -> 5.4810621e-05 | FO3: =($ER3*$EQ$3^EW3)/$I3 -> 4.6682523e-05 | FP3: =($ER3*$EQ$3^EX3)/$I3 -> 4.1387721e-05 | FQ3: =($ER3*$EQ$3^EY3)/$I3 -> 3.9759774e-05 | FR3: =($ER3*$EQ$3^EZ3)/$I3 -> 3.386363e-05 | ... GB3: =($ER3*$EQ$3^FJ3)/$I3 -> 9.76063e-06 | GC3: {=LOGEST(FK3:GB3, ES3:FJ3, TRUE, TRUE)} -> 0.98013568 | GD3: 6.6988883e-05 | GE3: =-LN(#REF!/#REF!)/#REF! -> #REF! | GF3: =LN(2)/GE3 -> #REF! | GG3: =(GF3*DATA!$B$3)/(DATA!$B$3+#REF!) -> #REF! | GH3: =(GG3*GD3)/LN(2) -> #REF! | GI3: =DATA!B6/DW3 -> 6.8619502 | GK3: =IF(G3<F3, 0.0188*(G3^(-2/3)), 0.0188*F3^(-2/3)) -> 0.001076323 | GL3: =GK3*EF3 + GH3*DATA!$B$8 -> #REF! | GM3: =DATA!B7/GL3 -> #REF! | GO3: =GI3 -> 6.8619502 | GP3: =ROUNDDOWN(GO3*27.027,0) -> 185 | GQ3: =GM3 -> #REF! | GR3: =ROUNDDOWN(GQ3 * 27.027,0) -> #REF! | GV3: =V3 -> 44144.753 | GW3: =Y3 -> 2.45 | GY3: =IF(GX3 = "", "", 0.001 * 4/3 *3.14159265*(GX3/2)^3) | GZ3: =IF(GS3 = "", "", GS3/GY3) | HD3: =AB3 -> 44145.337 | HE3: =AE3 -> 16.45 | HI3: =AH3 -> 44146.34 | HJ3: =AK3 -> 40.533333 | HN3: =AN3 -> 44148.31 | HO3: =AQ3 -> 87.8 | HS3: =AT3 -> 0 | HT3: =AW3 | IL3: =IF(IK3="","",-LN(IJ3)) | IM3: =LN(2)/IL3 -> #VALUE!
A4: 3 | C4: M | E4: 183 | F4: 124 | G4: =IF(C4 = "M", 65.76+(1.452*(E4-152)), 62.34+(1.247*(E4-152))) -> 110.772 | I4: =AA4*EXP(DATA!$B$4*Y4) -> 81.953906 | K4: 0.9845 | L4: 44214.624 | M4: 44214.64 | N4: 12.497 | O4: 44221.674 | P4: 200 | Q4: 83219.25 | S4: =N4/P4 -> 0.062485 | T4: =Q4*EXP((O4-M4)*24*DATA!$B$4) -> 267141.63 | U4: =T4/S4 -> 4275292.2 | V4: 44214.703 | W4: 280.5 | X4: 286601 | Y4: =IF(V4="","",(V4-$L4)*24) -> 1.8833333 | Z4: =IF(W4 = "", "", W4*X4/1000000) -> 80.391581 | AA4: =IF(Z4 = "", "", Z4*EXP(Y4*DATA!$B$4)*EXP(-DATA!$B$5*'Inputs-new'!Y4)) -> 80.894378 | AB4: 44215.302 | AC4: 171.6 | AD4: 285453 | AE4: =IF(AB4="","",(AB4-$L4)*24) -> 16.266667 | AF4: =IF(AC4 = "", "", AC4*AD4/1000000) -> 48.983735 | AG4: =IF(AF4 = "", "", AF4*EXP(AE4*DATA!$B$4)*EXP(-DATA!$B$5*'Inputs-new'!AE4)) -> 51.693912 | AH4: 44216.301 | AI4: 78.8 | AJ4: 296370.3 | AK4: =IF(AH4="","",(AH4-$L4)*24) -> 40.233333 | AL4: =IF(AI4 = "", "", AI4*AJ4/1000000) -> 23.35398 | AM4: =IF(AL4 = "", "", AL4*EXP(AK4*DATA!$B$4)*EXP(-DATA!$B$5*'Inputs-new'!AK4)) -> 26.681278 | AN4: 44217.287 | AO4: 37.2 | AP4: 295208.51 | AQ4: =IF(AN4="","",(AN4-$L4)*24) -> 63.916667 | AR4: =IF(AO4 = "", "", AO4*AP4/1000000) -> 10.981757 | AS4: =IF(AR4 = "", "", AR4*EXP(AQ4*DATA!$B$4)*EXP(-DATA!$B$5*'Inputs-new'!AQ4)) -> 13.569643 | AT4: 44218.285 | AU4: 12.3 | AV4: 323740.95 | AW4: =IF(AT4="","",(AT4-$L4)*24) -> 87.85 | AX4: =IF(AU4 = "", "", AU4*AV4/1000000) -> 3.9820137 | AY4: =IF(AX4 = "", "", AX4*EXP(AW4*DATA!$B$4)*EXP(-DATA!$B$5*'Inputs-new'!AW4)) -> 5.3261041 | AZ4: 44214.698 | BA4: 44221.674 | BB4: 2382.5 | BC4: =IF(AZ4 = "", "", 24*(AZ4-$L4)) -> 1.7666667 | BD4: =IF(BB4 = "", "", BB4*EXP(DATA!$B$4*(BA4-AZ4)*24)) -> 7575.298 | BE4: =IF(BD4 = "", "", BD4*EXP(BC4*DATA!$B$4)*EXP(-BC4*DATA!$B$5)) -> 7619.733 | BF4: =BD4*$S$4/$T$4 -> 0.0017718784 | BG4: =BE4*$S$4/$T$4 -> 0.0017822719 | BH4: 44215.302 | BI4: 44221.674 | BJ4: 1609.75 | BK4: =IF(BH4 = "", "", 24*(BH4-$L4)) -> 16.266667 | BL4: =IF(BJ4 = "", "", BJ4*EXP(DATA!$B$4*(BI4-BH4)*24)) -> 4630.3639 | BM4: =IF(BL4 = "", "", BL4*EXP(BK4*DATA!$B$4)*EXP(-BK4*DATA!$B$5)) -> 4886.5532 | BN4: =BL4*$S$4/$T$4 -> 0.001083052 | BO4: =BM4*($S$4/$T$4) -> 0.0011429753 | BP4: 44216.347 | BQ4: 44221.674 | BR4: 854.25 | BS4: =IF(BP4 = "", "", 24*(BP4-$L4)) -> 41.35 | BT4: =IF(BR4 = "", "", BR4*EXP(DATA!$B$4*(BQ4-BP4)*24)) -> 2066.2087 | BU4: =IF(BT4 = "", "", BT4*EXP(BS4*DATA!$B$4)*EXP(-BS4*DATA!$B$5)) -> 2369.3292 | BV4: =BT4*$S$4/$T$4 -> 0.00048329064 | BW4: =BU4*$S$4/$T$4 -> 0.00055419118 | BX4: 44217.34 | BY4: 44221.674 | BZ4: 453.25 | CA4: =IF(BX4 = "", "", 24*(BX4-$L4)) -> 65.183333 | CB4: =IF(BZ4 = "", "", BZ4*EXP(DATA!$B$4*(BY4-BX4)*24)) -> 929.84461 | CC4: =IF(CB4 = "", "", CB4*EXP(CA4*DATA!$B$4)*EXP(-CA4*DATA!$B$5)) -> 1153.7936 | CD4: =CB4*$S$4/$T$4 -> 0.00021749265 | CE4: =CC4*($S$4/$T$4) -> 0.0002698748 | CF4: 44218.347 | CG4: 44221.674 | CH4: 255.25 | CI4: =IF(CF4 = "", "", 24*(CF4-$L4)) -> 89.35 | CJ4: =IF(CH4 = "", "", CH4*EXP(DATA!$B$4*(CG4-CF4)*24)) -> 443.1201 | CK4: =IF(CJ4 = "", "", CJ4*EXP(CI4*DATA!$B$4)*EXP(-CI4*DATA!$B$5)) -> 595.64156 | CL4: =CJ4*$S$4/$T$4 -> 0.00010364674 | CM4: =CK4*($S$4/$T$4) -> 0.00013932184 | CN4: =AA4 -> 80.894378 | CO4: =AG4 -> 51.693912 | CP4: =AM4 -> 26.681278 | CQ4: =AS4 -> 13.569643 | CR4: =AY4 -> 5.3261041 | CS4: =Y4 -> 1.8833333 | CT4: =AE4 -> 16.266667 | CU4: =AK4 -> 40.233333 | CV4: =AQ4 -> 63.916667 | CW4: =AW4 -> 87.85 | CX4: {=LOGEST(CN4:CR4, CS4:CW4, TRUE, TRUE)} -> 0.96955043 | CY4: 88.258076 | CZ4: 0 | DA4: 2 | DB4: 4 | DC4: 10 | DD4: 18 | DE4: 24 | DF4: 26 | DG4: 34 | DH4: 42 | DI4: 48 | DJ4: 50 | DK4: 58 | DL4: 66 | DM4: 74 | DN4: =($CY$4*$CX$4^CZ4)/$I$4 -> 1.0769234 | DO4: =($CY$4*$CX$4^DA4)/$I$4 -> 1.0123382 | DP4: =($CY$4*$CX$4^DB4)/$I$4 -> 0.95162624 | DQ4: =($CY$4*$CX$4^DC4)/$I$4 -> 0.79047625 | DR4: =($CY$4*$CX$4^DD4)/$I$4 -> 0.61723714 | DS4: =($CY$4*$CX$4^DE4)/$I$4 -> 0.51271316 | DT4: =($CY$4*$CX$4^DF4)/$I$4 -> 0.48196475 | DU4: =($CY$4*$CX$4^DG4)/$I$4 -> 0.37633837 | ... EA4: =($CY$4*$CX$4^DM4)/$I$4 -> 0.10924325 | EB4: {=LOGEST(DN4:EA4, CZ4:DM4, TRUE, TRUE)} -> 0.96955043 | EC4: 1.0769234 | ED4: =-LN(DW4/DN4)/DI4 -> 0.03092279 | EE4: =LN(2)/ED4 -> 22.415415 | EF4: =(EC4*EE4)/LN(2) -> 34.826203 | EG4: =BG4 -> 0.0017822719 | EH4: =BO4 -> 0.0011429753 | EI4: =BW4 -> 0.00055419118 | EJ4: =CE4 -> 0.0002698748 | EK4: =CM4 -> 0.00013932184 | EL4: =BC4 -> 1.7666667 | EM4: =BK4 -> 16.266667 | EN4: =BS4 -> 41.35 | EO4: =CA4 -> 65.183333 | EP4: =CI4 -> 89.35 | EQ4: {=LOGEST(EG4:EK4, EL4:EP4, TRUE, TRUE)} -> 0.97125396 | ER4: 0.0018514645 | ES4: 0 | ET4: 2 | EU4: 4 | EV4: 10 | EW4: 18 | EX4: 24 | EY4: 26 | EZ4: 34 | FA4: 42 | FB4: 48 | FC4: 50 | FD4: 58 | FE4: 66 | FF4: 72 | FG4: 78 | FH4: 84 | FI4: 90 | FJ4: 96 | FK4: =($ER4*$EQ$4^ES4)/$I4 -> 2.2591535e-05 | FL4: =($ER4*$EQ$4^ET4)/$I4 -> 2.1311369e-05 | FM4: =($ER4*$EQ$4^EU4)/$I4 -> 2.0103744e-05 | FN4: =($ER4*$EQ$4^EV4)/$I4 -> 1.6876164e-05 | FO4: =($ER4*$EQ$4^EW4)/$I4 -> 1.336399e-05 | FP4: =($ER4*$EQ$4^EX4)/$I4 -> 1.1218453e-05 | FQ4: =($ER4*$EQ$4^EY4)/$I4 -> 1.0582751e-05 | FR4: =($ER4*$EQ$4^EZ4)/$I4 -> 8.380327e-06 | ... GB4: =($ER4*$EQ$4^FJ4)/$I4 -> 1.3737085e-06 | GC4: {=LOGEST(FK4:GB4, ES4:FJ4, TRUE, TRUE)} -> 0.97125396 | GD4: 2.2591535e-05 | GE4: =-LN(#REF!/#REF!)/#REF! -> #REF! | GF4: =LN(2)/GE4 -> #REF! | GG4: =(GF4*DATA!$B$3)/(DATA!$B$3+#REF!) -> #REF! | GH4: =(GG4*GD4)/LN(2) -> #REF! | GI4: =DATA!B6/DW4 -> 12.12628 | GK4: =IF(G4<F4, 0.0188*(G4^(-2/3)), 0.0188*F4^(-2/3)) -> 0.00081508803 | GL4: =GK4*EF4 + GH4*DATA!$B$8 -> #REF! | GM4: =DATA!$B$7/GL4 -> #REF! | GO4: =GI4 -> 12.12628 | GP4: =ROUNDDOWN(GO4*27.027,0) -> 327 | GQ4: =GM4 -> #REF! | GR4: =ROUNDDOWN(GQ4 * 27.027,0) -> #REF! | GV4: =V4 -> 44214.703 | GW4: =Y4 -> 1.8833333 | GY4: =IF(GX4 = "", "", 0.001 * 4/3 *3.14159265*(GX4/2)^3) | GZ4: =IF(GS4 = "", "", GS4/GY4) | HD4: =AB4 -> 44215.302 | HE4: =AE4 -> 16.266667 | HI4: =AH4 -> 44216.301 | HJ4: =AK4 -> 40.233333 | HN4: =AN4 -> 44217.287 | HO4: =AQ4 -> 63.916667 | HS4: =AT4 -> 44218.285 | HT4: =AW4 -> 87.85 | IL4: =IF(IK4="","",-LN(IJ4)) | IM4: =LN(2)/IL4 -> #VALUE!
A5: 4 | C5: M | E5: 183 | F5: 124 | G5: =IF(C5 = "M", 65.76+(1.452*(E5-152)), 62.34+(1.247*(E5-152))) -> 110.772 | I5: =AA5*EXP(DATA!$B$4*Y5) -> 70.960275 | L5: 44242.618 | V5: 44242.69 | W5: 194.3 | X5: 358797.3 | Y5: =IF(V5="","",(V5-$L5)*24) -> 1.7333333 | Z5: =IF(W5 = "", "", W5*X5/1000000) -> 69.714315 | AA5: =IF(Z5 = "", "", Z5*EXP(Y5*DATA!$B$4)*EXP(-DATA!$B$5*'Inputs-new'!Y5)) -> 70.115507 | AB5: 44243.296 | AC5: 164.9 | AD5: 323813.31 | AE5: =IF(AB5="","",(AB5-$L5)*24) -> 16.266667 | AF5: =IF(AC5 = "", "", AC5*AD5/1000000) -> 53.396815 | AG5: =IF(AF5 = "", "", AF5*EXP(AE5*DATA!$B$4)*EXP(-DATA!$B$5*'Inputs-new'!AE5)) -> 56.351159 | AH5: 44244.305 | AI5: 84.1 | AJ5: 331043 | AK5: =IF(AH5="","",(AH5-$L5)*24) -> 40.483333 | AL5: =IF(AI5 = "", "", AI5*AJ5/1000000) -> 27.840716 | AM5: =IF(AL5 = "", "", AL5*EXP(AK5*DATA!$B$4)*EXP(-DATA!$B$5*'Inputs-new'!AK5)) -> 31.833587 | AN5: 44245.315 | AO5: 41.3 | AP5: 331944.12 | AQ5: =IF(AN5="","",(AN5-$L5)*24) -> 64.733333 | AR5: =IF(AO5 = "", "", AO5*AP5/1000000) -> 13.709292 | AS5: =IF(AR5 = "", "", AR5*EXP(AQ5*DATA!$B$4)*EXP(-DATA!$B$5*'Inputs-new'!AQ5)) -> 16.985792 | AW5: =IF(AT5="","",(AT5-$L5)*24) | AX5: =IF(AU5 = "", "", AU5*AV5/1000000) | AY5: =IF(AX5 = "", "", AX5*EXP(AW5*DATA!$B$4)*EXP(-DATA!$B$5*'Inputs-new'!AW5)) | BC5: =IF(AZ5 = "", "", 24*(AZ5-$L5)) | BD5: =IF(BB5 = "", "", BB5*EXP(DATA!$B$4*(BA5-AZ5)*24)) | BE5: =IF(BD5 = "", "", BD5*EXP(BC5*DATA!$B$4)*EXP(-BC5*DATA!$B$5)) | BK5: =IF(BH5 = "", "", 24*(BH5-$L5)) | BL5: =IF(BJ5 = "", "", BJ5*EXP(DATA!$B$4*(BI5-BH5)*24)) | BM5: =IF(BL5 = "", "", BL5*EXP(BK5*DATA!$B$4)*EXP(-BK5*DATA!$B$5)) | BN5: =BL5*$S$4/$T$4 -> #VALUE! | BT5: =IF(BR5 = "", "", BR5*EXP(DATA!$B$4*(BQ5-BP5)*24)) | BU5: =IF(BT5 = "", "", BT5*EXP(BS5*DATA!$B$4)*EXP(-BS5*DATA!$B$5)) | BW5: =BU5*$S$4/$T$4 -> #VALUE! | CA5: =IF(BX5 = "", "", 24*(BX5-$L5)) | CB5: =IF(BZ5 = "", "", BZ5*EXP(DATA!$B$4*(BY5-BX5)*24)) | CC5: =IF(CB5 = "", "", CB5*EXP(CA5*DATA!$B$4)*EXP(-CA5*DATA!$B$5)) | CI5: =IF(CF5 = "", "", 24*(CF5-$L5)) | CJ5: =IF(CH5 = "", "", CH5*EXP(DATA!$B$4*(CG5-CF5)*24)) | CK5: =IF(CJ5 = "", "", CJ5*EXP(CI5*DATA!$B$4)*EXP(-CI5*DATA!$B$5)) | CL5: =CJ5*$S$4/$T$4 -> #VALUE! | CM5: =CK5*($S$4/$T$4) -> #VALUE! | CN5: =AA5 -> 70.115507 | CO5: =AG5 -> 56.351159 | CP5: =AM5 -> 31.833587 | CQ5: =AS5 -> 16.985792 | CR5: =AY5 | CS5: =Y5 -> 1.7333333 | CT5: =AE5 -> 16.266667 | CU5: =AK5 -> 40.483333 | CV5: =AQ5 -> 64.733333 | CW5: =AW5 | CX5: {=LOGEST(CN5:CQ5,CS5:CV5,TRUE,TRUE)} -> 0.97741581 | CY5: 77.271467 | CZ5: 0 | DA5: 2 | DB5: 4 | DC5: 10 | DD5: 18 | DE5: 24 | DF5: 26 | DG5: 34 | DH5: 42 | DI5: 48 | DJ5: 50 | DK5: 58 | DL5: 66 | DM5: 74 | DN5: =($CY$5*$CX$5^CZ5)/$I$5 -> 1.0889398 | DO5: =($CY$5*$CX$5^DA5)/$I$5 -> 1.0403096 | DP5: =($CY$5*$CX$5^DB5)/$I$5 -> 0.99385106 | DQ5: =($CY$5*$CX$5^DC5)/$I$5 -> 0.86655764 | DR5: =($CY$5*$CX$5^DD5)/$I$5 -> 0.72182568 | DS5: =($CY$5*$CX$5^DE5)/$I$5 -> 0.62937355 | DT5: =($CY$5*$CX$5^DF5)/$I$5 -> 0.60126677 | DU5: =($CY$5*$CX$5^DG5)/$I$5 -> 0.50084354 | ... EA5: =($CY$5*$CX$5^DM5)/$I$5 -> 0.20085213 | EB5: {=LOGEST(DN5:EA5, CZ5:DM5, TRUE, TRUE)} -> 0.97741581 | EC5: 1.0889398 | ED5: =-LN(DW5/DN5)/DI5 -> 0.02284312 | EE5: =LN(2)/ED5 -> 30.343805 | EF5: =(EC5*EE5)/LN(2) -> 47.670362 | EL5: =BC5 | EM5: =BK5 | EN5: =BS5 -> 0 | EO5: =CA5 | EP5: =CI5 | GI5: =DATA!$B$6/DW5 -> 8.1372678 | GK5: =IF(G5<F5, 0.0188*(G5^(-2/3)), 0.0188*F5^(-2/3)) -> 0.00081508803 | GL5: =GK5*EF5 + GH5*DATA!$B$8 -> 0.038855541 | GM5: =DATA!$B$7/GL5 -> 51.47271 | GO5: =GI5 -> 8.1372678 | GP5: =ROUNDDOWN(GO5*27.027,0) -> 219 | GQ5: =GM5 -> 51.47271 | GR5: =ROUNDDOWN(GQ5 * 27.027,0) -> 1391 | GW5: =Y5 -> 1.7333333 | GY5: =IF(GX5 = "", "", 0.001 * 4/3 *3.14159265*(GX5/2)^3) | GZ5: =IF(GS5 = "", "", GS5/GY5) | HD5: =AB5 -> 44243.296 | HE5: =AE5 -> 16.266667 | HI5: =AH5 -> 44244.305 | HJ5: =AK5 -> 40.483333 | HN5: =AN5 -> 44245.315 | HO5: =AQ5 -> 64.733333 | HS5: =AT5 -> 0 | HT5: =AW5 | IL5: =IF(IK5="","",-LN(IJ5)) | IM5: =LN(2)/IL5 -> #VALUE!
A6: 5 | C6: M | E6: 175 | F6: 84 | G6: =IF(C6 = "M", 65.76+(1.452*(E6-152)), 62.34+(1.247*(E6-152))) -> 99.156 | H6: 72.13 | I6: =AA6*EXP(DATA!$B$4*Y6) -> 63.938076 | L6: 44326.633 | M6: 44326.619 | N6: 11.67 | O6: 44334.5 | P6: 200 | Q6: 50153.5 | S6: =N6/P6 -> 0.05835 | T6: =Q6*EXP((O6-M6)*24*DATA!$B$4) -> 185281.99 | U6: =T6/S6 -> 3175355.5 | V6: 44326.715 | W6: 250 | X6: 250663.21 | Y6: =IF(V6="","",(V6-$L6)*24) -> 1.9666667 | Z6: =IF(W6 = "", "", W6*X6/1000000) -> 62.665802 | AA6: =IF(Z6 = "", "", Z6*EXP(Y6*DATA!$B$4)*EXP(-DATA!$B$5*'Inputs-new'!Y6)) -> 63.075136 | AB6: 44327.321 | AC6: 112.4 | AD6: 265975.74 | AE6: =IF(AB6="","",(AB6-$L6)*24) -> 16.5 | AF6: =IF(AC6 = "", "", AC6*AD6/1000000) -> 29.895673 | AG6: =IF(AF6 = "", "", AF6*EXP(AE6*DATA!$B$4)*EXP(-DATA!$B$5*'Inputs-new'!AE6)) -> 31.574125 | AH6: 44328.328 | AI6: 38.2 | AJ6: 305202.43 | AK6: =IF(AH6="","",(AH6-$L6)*24) -> 40.666667 | AL6: =IF(AI6 = "", "", AI6*AJ6/1000000) -> 11.658733 | AM6: =IF(AL6 = "", "", AL6*EXP(AK6*DATA!$B$4)*EXP(-DATA!$B$5*'Inputs-new'!AK6)) -> 13.338903 | AN6: 44329.328 | AO6: 12.2 | AP6: 266048 | AQ6: =IF(AN6="","",(AN6-$L6)*24) -> 64.683333 | AR6: =IF(AO6 = "", "", AO6*AP6/1000000) -> 3.2457856 | AS6: =IF(AR6 = "", "", AR6*EXP(AQ6*DATA!$B$4)*EXP(-DATA!$B$5*'Inputs-new'!AQ6)) -> 4.0208577 | AT6: 44330.322 | AU6: 3.23 | AV6: 276910 | AW6: =IF(AT6="","",(AT6-$L6)*24) -> 88.516667 | AX6: =IF(AU6 = "", "", AU6*AV6/1000000) -> 0.8944193 | AY6: =IF(AX6 = "", "", AX6*EXP(AW6*DATA!$B$4)*EXP(-DATA!$B$5*'Inputs-new'!AW6)) -> 1.1989652 | AZ6: 44326.668 | BA6: 44334.5 | BB6: 2668 | BC6: =IF(AZ6 = "", "", 24*(AZ6-$L6)) -> 0.83333333 | BD6: =IF(BB6 = "", "", BB6*EXP(DATA!$B$4*(BA6-AZ6)*24)) -> 9777.2557 | BE6: =IF(BD6 = "", "", BD6*EXP(BC6*DATA!$B$4)*EXP(-BC6*DATA!$B$5)) -> 9804.2664 | BF6: =BD6*$S$6/$T$6 -> 0.0030791059 | BG6: =BE6*$S$6/$T$6 -> 0.0030876123 | BH6: 44327.316 | BI6: 44334.5 | BJ6: 1537.5 | BK6: =IF(BH6 = "", "", 24*(BH6-$L6)) -> 16.383333 | BL6: =IF(BJ6 = "", "", BJ6*EXP(DATA!$B$4*(BI6-BH6)*24)) -> 5060.4067 | BM6: =IF(BL6 = "", "", BL6*EXP(BK6*DATA!$B$4)*EXP(-BK6*DATA!$B$5)) -> 5342.4525 | BN6: =BL6*$S$6/$T$6 -> 0.0015936505 | BO6: =BM6*($S$6/$T$6) -> 0.0016824738 | BP6: 44328.372 | BQ6: 44334.5 | BR6: 575.75 | BS6: =IF(BP6 = "", "", 24*(BP6-$L6)) -> 41.716667 | BT6: =IF(BR6 = "", "", BR6*EXP(DATA!$B$4*(BQ6-BP6)*24)) -> 1590.6937 | BU6: =IF(BT6 = "", "", BT6*EXP(BS6*DATA!$B$4)*EXP(-BS6*DATA!$B$5)) -> 1826.27 | BV6: =BT6*$S$6/$T$6 -> 0.00050094982 | BW6: =BU6*$S$6/$T$6 -> 0.00057513875 | BX6: 44329.317 | BY6: 44334.5 | BZ6: 231.5 | CA6: =IF(BX6 = "", "", 24*(BX6-$L6)) -> 64.416667 | CB6: =IF(BZ6 = "", "", BZ6*EXP(DATA!$B$4*(BY6-BX6)*24)) -> 546.74873 | CC6: =IF(CB6 = "", "", CB6*EXP(CA6*DATA!$B$4)*EXP(-CA6*DATA!$B$5)) -> 676.71103 | CD6: =CB6*$S$6/$T$6 -> 0.00017218505 | CE6: =CC6*($S$6/$T$6) -> 0.00021311347 | CF6: 44330.363 | CG6: 44334.5 | CH6: 77.5 | CI6: =IF(CF6 = "", "", 24*(CF6-$L6)) -> 89.516667 | CJ6: =IF(CH6 = "", "", CH6*EXP(DATA!$B$4*(CG6-CF6)*24)) -> 153.89375 | CK6: =IF(CJ6 = "", "", CJ6*EXP(CI6*DATA!$B$4)*EXP(-CI6*DATA!$B$5)) -> 206.97798 | CL6: =CJ6*$S$6/$T$6 -> 4.8465046e-05 | CM6: =CK6*($S$6/$T$6) -> 6.5182616e-05 | CN6: =AA6 -> 63.075136 | CO6: =AG6 -> 31.574125 | CP6: =AM6 -> 13.338903 | CQ6: =AS6 -> 4.0208577 | CR6: =AY6 -> 1.1989652 | CS6: =Y6 -> 1.9666667 | CT6: =AE6 -> 16.5 | CU6: =AK6 -> 40.666667 | CV6: =AQ6 -> 64.683333 | CW6: =AW6 -> 88.516667 | CX6: {=LOGEST(CN6:CR6,CS6:CW6,TRUE,TRUE)} -> 0.95581407 | CY6: 71.608134 | CZ6: 0 | DA6: 2 | DB6: 4 | DC6: 10 | DD6: 18 | DE6: 24 | DF6: 26 | DG6: 34 | DH6: 42 | DI6: 48 | DJ6: 50 | DK6: 58 | DL6: 66 | DM6: 74 | DN6: =($CY$6*$CX$6^CZ6)/$I$6 -> 1.1199607 | DO6: =($CY$6*$CX$6^DA6)/$I$6 -> 1.0231743 | DP6: =($CY$6*$CX$6^DB6)/$I$6 -> 0.93475216 | DQ6: =($CY$6*$CX$6^DC6)/$I$6 -> 0.71274964 | DR6: =($CY$6*$CX$6^DD6)/$I$6 -> 0.49650586 | DS6: =($CY$6*$CX$6^DE6)/$I$6 -> 0.37858631 | DT6: =($CY$6*$CX$6^DF6)/$I$6 -> 0.34586908 | DU6: =($CY$6*$CX$6^DG6)/$I$6 -> 0.24093457 | ... EA6: =($CY$6*$CX$6^DM6)/$I$6 -> 0.039521732 | EB6: {=LOGEST(DN6:EA6, CZ6:DM6, TRUE, TRUE)} -> 0.95581407 | EC6: 1.1199607 | ED6: =-LN(DW6/DN6)/DI6 -> 0.045191868 | EE6: =LN(2)/ED6 -> 15.337874 | EF6: =(EC6*EE6)/LN(2) -> 24.782351 | EG6: =BG6 -> 0.0030876123 | EH6: =BO6 -> 0.0016824738 | EI6: =BW6 -> 0.00057513875 | EJ6: =CE6 -> 0.00021311347 | EK6: =CM6 -> 6.5182616e-05 | EL6: =BC6 -> 0.83333333 | EM6: =BK6 -> 16.383333 | EN6: =BS6 -> 41.716667 | EO6: =CA6 -> 64.416667 | EP6: =CI6 -> 89.516667 | EQ6: {=LOGEST(EG6:EK6, EL6:EP6, TRUE, TRUE)} -> 0.95745351 | ER6: 0.0033689911 | ES6: 0 | ET6: 2 | EU6: 4 | EV6: 10 | EW6: 18 | EX6: 24 | EY6: 26 | EZ6: 34 | FA6: 42 | FB6: 48 | FC6: 50 | FD6: 58 | FE6: 66 | FF6: 72 | FG6: 78 | FH6: 84 | FI6: 90 | FJ6: 96 | FK6: =($ER6*$EQ$6^ES6)/$I6 -> 5.2691469e-05 | FL6: =($ER6*$EQ$6^ET6)/$I6 -> 4.8303177e-05 | FM6: =($ER6*$EQ$6^EU6)/$I6 -> 4.4280355e-05 | FN6: =($ER6*$EQ$6^EV6)/$I6 -> 3.4112792e-05 | FO6: =($ER6*$EQ$6^EW6)/$I6 -> 2.4091223e-05 | FP6: =($ER6*$EQ$6^EX6)/$I6 -> 1.8559447e-05 | FQ6: =($ER6*$EQ$6^EY6)/$I6 -> 1.7013765e-05 | FR6: =($ER6*$EQ$6^EZ6)/$I6 -> 1.2015504e-05 | ... GB6: =($ER6*$EQ$6^FJ6)/$I6 -> 8.1103425e-07 | GC6: {=LOGEST(FK6:GB6, ES6:FJ6, TRUE, TRUE)} -> 0.95745351 | GD6: 5.2691469e-05 | GE6: =-LN(#REF!/#REF!)/#REF! -> #REF! | GF6: =LN(2)/GE6 -> #REF! | GG6: =(GF6*DATA!$B$3)/(DATA!$B$3+#REF!) -> #REF! | GH6: =(GG6*GD6)/LN(2) -> #REF! | GI6: =DATA!$B$6/DW6 -> 23.129418 | GK6: =IF(G6<F6, 0.0188*(G6^(-2/3)), 0.0188*F6^(-2/3)) -> 0.00098017809 | GL6: =GK6*EF6 + GH6*DATA!$B$8 -> #REF! | GM6: =DATA!$B$7/GL6 -> #REF! | GO6: =GI6 -> 23.129418 | GP6: =ROUNDDOWN(GO6*27.027,0) -> 625 | GQ6: =GM6 -> #REF! | GR6: =ROUNDDOWN(GQ6 * 27.027,0) -> #REF! | GW6: =Y6 -> 1.9666667 | GY6: =IF(GX6 = "", "", 0.001 * 4/3 *3.14159265*(GX6/2)^3) | GZ6: =IF(GS6 = "", "", GS6/GY6) | HD6: =AB6 -> 44327.321 | HE6: =AE6 -> 16.5 | HI6: =AH6 -> 44328.328 | HJ6: =AK6 -> 40.666667 | HN6: =AN6 -> 44329.328 | HO6: =AQ6 -> 64.683333 | HS6: =AT6 -> 44330.322 | HT6: =AW6 -> 88.516667 | IL6: =IF(IK6="","",-LN(IJ6)) | IM6: =LN(2)/IL6 -> #VALUE!
A7: 6 | C7: F | E7: 150 | F7: 71.2 | G7: =IF(C7 = "M", 65.76+(1.452*(E7-152)), 62.34+(1.247*(E7-152))) -> 59.846 | H7: 71.2 | I7: =AA7*EXP(DATA!$B$4*Y7) -> 70.084106 | L7: 44326.619 | M7: 44326.619 | N7: 11.67 | O7: 44334.5 | P7: 200 | Q7: 50153.5 | S7: =N7/P7 -> 0.05835 | T7: =Q7*EXP((O7-M7)*24*DATA!$B$4) -> 185281.99 | U7: =T7/S7 -> 3175355.5 | V7: 44326.68 | W7: 304.7 | X7: 226626.83 | Y7: =IF(V7="","",(V7-$L7)*24) -> 1.45 | Z7: =IF(W7 = "", "", W7*X7/1000000) -> 69.053195 | AA7: =IF(Z7 = "", "", Z7*EXP(Y7*DATA!$B$4)*EXP(-DATA!$B$5*'Inputs-new'!Y7)) -> 69.385469 | AB7: 44327.292 | AC7: 123.6 | AD7: 225232.55 | AE7: =IF(AB7="","",(AB7-$L7)*24) -> 16.133333 | AF7: =IF(AC7 = "", "", AC7*AD7/1000000) -> 27.838743 | AG7: =IF(AF7 = "", "", AF7*EXP(AE7*DATA!$B$4)*EXP(-DATA!$B$5*'Inputs-new'!AE7)) -> 29.366043 | AH7: 44328.295 | AI7: 28.6 | AJ7: 271844.94 | AK7: =IF(AH7="","",(AH7-$L7)*24) -> 40.216667 | AL7: =IF(AI7 = "", "", AI7*AJ7/1000000) -> 7.7747653 | AM7: =IF(AL7 = "", "", AL7*EXP(AK7*DATA!$B$4)*EXP(-DATA!$B$5*'Inputs-new'!AK7)) -> 8.881965 | AQ7: =IF(AN7="","",(AN7-$L7)*24) | AR7: =IF(AO7 = "", "", AO7*AP7/1000000) | AS7: =IF(AR7 = "", "", AR7*EXP(AQ7*DATA!$B$4)*EXP(-DATA!$B$5*'Inputs-new'!AQ7)) | AW7: =IF(AT7="","",(AT7-$L7)*24) | AX7: =IF(AU7 = "", "", AU7*AV7/1000000) | AY7: =IF(AX7 = "", "", AX7*EXP(AW7*DATA!$B$4)*EXP(-DATA!$B$5*'Inputs-new'!AW7)) | AZ7: 44326.628 | BA7: 44334.479 | BB7: 2831.75 | BC7: =IF(AZ7 = "", "", 24*(AZ7-$L7)) -> 0.21666667 | BD7: =IF(BB7 = "", "", BB7*EXP(DATA!$B$4*(BA7-AZ7)*24)) -> 10409.656 | BE7: =IF(BD7 = "", "", BD7*EXP(BC7*DATA!$B$4)*EXP(-BC7*DATA!$B$5)) -> 10417.125 | BF7: =BD7*$S$7/$T$7 -> 0.0032782647 | BG7: =BE7*$S$7/$T$7 -> 0.003280617 | BH7: 44327.333 | BI7: 44334.479 | BJ7: 1888.75 | BK7: =IF(BH7 = "", "", 24*(BH7-$L7)) -> 17.133333 | BL7: =IF(BJ7 = "", "", BJ7*EXP(DATA!$B$4*(BI7-BH7)*24)) -> 6177.2352 | BM7: =IF(BL7 = "", "", BL7*EXP(BK7*DATA!$B$4)*EXP(-BK7*DATA!$B$5)) -> 6537.7408 | BN7: =BL7*$S$7/$T$7 -> 0.0019453681 | BO7: =BM7*($S$7/$T$7) -> 0.0020589005 | BP7: 44328.333 | BQ7: 44334.479 | BR7: 592.5 | BS7: =IF(BP7 = "", "", 24*(BP7-$L7)) -> 41.133333 | BT7: =IF(BR7 = "", "", BR7*EXP(DATA!$B$4*(BQ7-BP7)*24)) -> 1641.6904 | BU7: =IF(BT7 = "", "", BT7*EXP(BS7*DATA!$B$4)*EXP(-BS7*DATA!$B$5)) -> 1881.1827 | BV7: =BT7*$S$7/$T$7 -> 0.00051700997 | BW7: =BU7*$S$7/$T$7 -> 0.00059243217 | BX7: 44329.337 | BY7: 44334.479 | BZ7: 186.5 | CA7: =IF(BX7 = "", "", 24*(BX7-$L7)) -> 65.216667 | CB7: =IF(BZ7 = "", "", BZ7*EXP(DATA!$B$4*(BY7-BX7)*24)) -> 437.53716 | CC7: =IF(CB7 = "", "", CB7*EXP(CA7*DATA!$B$4)*EXP(-CA7*DATA!$B$5)) -> 542.97599 | CD7: =CB7*$S$7/$T$7 -> 0.00013779155 | CE7: =CC7*($S$7/$T$7) -> 0.00017099692 | CI7: =IF(CF7 = "", "", 24*(CF7-$L7)) | CJ7: =IF(CH7 = "", "", CH7*EXP(DATA!$B$4*(CG7-CF7)*24)) | CK7: =IF(CJ7 = "", "", CJ7*EXP(CI7*DATA!$B$4)*EXP(-CI7*DATA!$B$5)) | CL7: =CJ7*$S$4/$T$4 -> #VALUE! | CM7: =CK7*($S$4/$T$4) -> #VALUE! | CN7: =AA7 -> 69.385469 | CO7: =AG7 -> 29.366043 | CP7: =AM7 -> 8.881965 | CQ7: =AS7 | CR7: =AY7 | CS7: =Y7 -> 1.45 | CT7: =AE7 -> 16.133333 | CU7: =AK7 -> 40.216667 | CV7: =AQ7 | CW7: =AW7 | CX7: {=LOGEST(CN7:CQ7,CS7:CV7,TRUE,TRUE)} -> #VALUE! | CY7: #VALUE! | CZ7: 0 | DA7: 2 | DB7: 4 | DC7: 10 | DD7: 18 | DE7: 24 | DF7: 26 | DG7: 34 | DH7: 42 | DI7: 48 | DJ7: 50 | DK7: 58 | DL7: 66 | DM7: 74 | DN7: =($CY$7*$CX$7^CZ7)/$I$7 -> #VALUE! | DO7: =($CY$7*$CX$7^DA7)/$I$7 -> #VALUE! | DP7: =($CY$7*$CX$7^DB7)/$I$7 -> #VALUE! | DQ7: =($CY$7*$CX$7^DC7)/$I$7 -> #VALUE! | DR7: =($CY$7*$CX$7^DD7)/$I$7 -> #VALUE! | DS7: =($CY$7*$CX$7^DE7)/$I$7 -> #VALUE! | DT7: =($CY$7*$CX$7^DF7)/$I$7 -> #VALUE! | DU7: =($CY$7*$CX$7^DG7)/$I$7 -> #VALUE! | ... EA7: =($CY$7*$CX$7^DM7)/$I$7 -> #VALUE! | EB7: {=LOGEST(DN7:EA7,CZ7:DM7,TRUE,TRUE)} -> #VALUE! | EC7: #VALUE! | ED7: =-LN(DW7/DN7)/DI7 -> #VALUE! | EE7: =LN(2)/ED7 -> #VALUE! | EF7: =(EC7*EE7)/LN(2) -> #VALUE! | EG7: =BG7 -> 0.003280617 | EH7: =BO7 -> 0.0020589005 | EI7: =BW7 -> 0.00059243217 | EJ7: =CE7 -> 0.00017099692 | EK7: =CM7 -> #VALUE! | EL7: =BC7 -> 0.21666667 | EM7: =BK7 -> 17.133333 | EN7: =BS7 -> 41.133333 | EO7: =CA7 -> 65.216667 | EP7: =CI7 | EQ7: {=LOGEST(EG7:EJ7, EL7:EO7, TRUE, TRUE)} -> 0.95451346 | ER7: 0.0038374646 | ES7: 0 | ET7: 2 | EU7: 4 | EV7: 10 | EW7: 18 | EX7: 24 | EY7: 26 | EZ7: 34 | FA7: 42 | FB7: 48 | FC7: 50 | FD7: 58 | FE7: 66 | FF7: 72 | FG7: 78 | FH7: 84 | FI7: 90 | FJ7: 96 | FK7: =($ER7*$EQ$7^ES7)/$I7 -> 5.4755134e-05 | FL7: =($ER7*$EQ$7^ET7)/$I7 -> 4.988718e-05 | FM7: =($ER7*$EQ$7^EU7)/$I7 -> 4.5452007e-05 | FN7: =($ER7*$EQ$7^EV7)/$I7 -> 3.4375213e-05 | FO7: =($ER7*$EQ$7^EW7)/$I7 -> 2.3686552e-05 | FP7: =($ER7*$EQ$7^EX7)/$I7 -> 1.7914066e-05 | FQ7: =($ER7*$EQ$7^EY7)/$I7 -> 1.6321433e-05 | FR7: =($ER7*$EQ$7^EZ7)/$I7 -> 1.1246431e-05 | ... GB7: =($ER7*$EQ$7^FJ7)/$I7 -> 6.2733884e-07 | GC7: {=LOGEST(FK7:GB7, ES7:FJ7, TRUE, TRUE)} -> 0.95451346 | GD7: 5.4755134e-05 | GE7: =-LN(#REF!/#REF!)/#REF! -> #REF! | GF7: =LN(2)/GE7 -> #REF! | GG7: =(GF7*DATA!$B$3)/(DATA!$B$3+#REF!) -> #REF! | GH7: =(GG7*GD7)/LN(2) -> #REF! | GI7: =DATA!$B$6/DW7 -> #VALUE! | GK7: =IF(G7<F7, 0.0188*(G7^(-2/3)), 0.0188*F7^(-2/3)) -> 0.001228762 | GL7: =GK7*EF7 + GH7*DATA!$B$8 -> #VALUE! | GM7: =DATA!$B$7/GL7 -> #VALUE! | GO7: =GI7 -> #VALUE! | GP7: =ROUNDDOWN(GO7*27.027,0) -> #VALUE! | GQ7: =GM7 -> #VALUE! | GR7: =ROUNDDOWN(GQ7 * 27.027,0) -> #VALUE! | GW7: =Y7 -> 1.45 | GY7: =IF(GX7 = "", "", 0.001 * 4/3 *3.14159265*(GX7/2)^3) | GZ7: =IF(GS7 = "", "", GS7/GY7) | HD7: =AB7 -> 44327.292 | HE7: =AE7 -> 16.133333 | HI7: =AH7 -> 44328.295 | HJ7: =AK7 -> 40.216667 | HN7: =AN7 -> 0 | HO7: =AQ7 | HS7: =AT7 -> 0 | HT7: =AW7 | IL7: =IF(IK7="","",-LN(IJ7)) | IM7: =LN(2)/IL7 -> #VALUE!
A8: 7 | C8: M | E8: 175 | F8: 84 | G8: =IF(C8 = "M", 65.76+(1.452*(E8-152)), 62.34+(1.247*(E8-152))) -> 99.156 | H8: 74.91 | I8: =AA8*EXP(DATA!$B$4*Y8) -> 63.863495 | J8: =AA8*EXP(DATA!$B$5*'Inputs-new'!Y8) -> 63.533122 | L8: 44376.438 | M8: 44376.438 | N8: 7.77 | O8: 44376.438 | P8: 200 | Q8: 78275.5 | S8: =N8/P8 -> 0.03885 | T8: =Q8*EXP((O8-M8)*24*DATA!$B$4) -> 78275.5 | U8: =T8/S8 -> 2014813.4 | V8: 44376.503 | W8: 210.1 | X8: 299139.01 | Y8: =IF(V8="","",(V8-$L8)*24) -> 1.5666667 | Z8: =IF(W8 = "", "", W8*X8/1000000) -> 62.849106 | AA8: =IF(Z8 = "", "", Z8*EXP(Y8*DATA!$B$4)*EXP(-DATA!$B$5*'Inputs-new'!Y8)) -> 63.175922 | AB8: 44377.296 | AC8: 99.4 | AD8: 306135.4 | AE8: =IF(AB8="","",(AB8-$L8)*24) -> 20.583333 | AF8: =IF(AC8 = "", "", AC8*AD8/1000000) -> 30.429859 | AG8: =IF(AF8 = "", "", AF8*EXP(AE8*DATA!$B$4)*EXP(-DATA!$B$5*'Inputs-new'!AE8)) -> 32.5757 | AH8: 44378.385 | AI8: 44.8 | AJ8: 286565.13 | AK8: =IF(AH8="","",(AH8-$L8)*24) -> 46.733333 | AL8: =IF(AI8 = "", "", AI8*AJ8/1000000) -> 12.838118 | AM8: =IF(AL8 = "", "", AL8*EXP(AK8*DATA!$B$4)*EXP(-DATA!$B$5*'Inputs-new'!AK8)) -> 14.986234 | AQ8: =IF(AN8="","",(AN8-$L8)*24) | AR8: =IF(AO8 = "", "", AO8*AP8/1000000) | AS8: =IF(AR8 = "", "", AR8*EXP(AQ8*DATA!$B$4)*EXP(-DATA!$B$5*'Inputs-new'!AQ8)) | AW8: =IF(AT8="","",(AT8-$L8)*24) | AX8: =IF(AU8 = "", "", AU8*AV8/1000000) | AY8: =IF(AX8 = "", "", AX8*EXP(AW8*DATA!$B$4)*EXP(-DATA!$B$5*'Inputs-new'!AW8)) | AZ8: 44376.5 | BA8: 44378.625 | BB8: 7020.25 | BC8: =IF(AZ8 = "", "", 24*(AZ8-$L8)) -> 1.4833333 | BD8: =IF(BB8 = "", "", BB8*EXP(DATA!$B$4*(BA8-AZ8)*24)) -> 9985.9218 | BE8: =IF(BD8 = "", "", BD8*EXP(BC8*DATA!$B$4)*EXP(-BC8*DATA!$B$5)) -> 10035.08 | BF8: =BD8*$S$8/$T$8 -> 0.0049562515 | BG8: =BE8*$S$8/$T$8 -> 0.0049806498 | BH8: 44377.351 | BI8: 44378.625 | BJ8: 3177 | BK8: =IF(BH8 = "", "", 24*(BH8-$L8)) -> 21.9 | BL8: =IF(BJ8 = "", "", BJ8*EXP(DATA!$B$4*(BI8-BH8)*24)) -> 3924.5381 | BM8: =IF(BL8 = "", "", BL8*EXP(BK8*DATA!$B$4)*EXP(-BK8*DATA!$B$5)) -> 4219.6402 | BN8: =BL8*$S$8/$T$8 -> 0.001947842 | BO8: =BM8*($S$8/$T$8) -> 0.0020943082 | BP8: 44378.436 | BQ8: 44378.625 | BR8: 1263 | BS8: =IF(BP8 = "", "", 24*(BP8-$L8)) -> 47.95 | BT8: =IF(BR8 = "", "", BR8*EXP(DATA!$B$4*(BQ8-BP8)*24)) -> 1303.1863 | BU8: =IF(BT8 = "", "", BT8*EXP(BS8*DATA!$B$4)*EXP(-BS8*DATA!$B$5)) -> 1527.3794 | BV8: =BT8*$S$8/$T$8 -> 0.00064680249 | BW8: =BU8*$S$8/$T$8 -> 0.00075807488 | CA8: =IF(BX8 = "", "", 24*(BX8-$L8)) | CB8: =IF(BZ8 = "", "", BZ8*EXP(DATA!$B$4*(BY8-BX8)*24)) | CC8: =IF(CB8 = "", "", CB8*EXP(CA8*DATA!$B$4)*EXP(-CA8*DATA!$B$5)) | CD8: =CB8*$S$8/$T$8 -> #VALUE! | CE8: =CC8*($S$8/$T$8) -> #VALUE! | CI8: =IF(CF8 = "", "", 24*(CF8-$L8)) | CJ8: =IF(CH8 = "", "", CH8*EXP(DATA!$B$4*(CG8-CF8)*24)) | CK8: =IF(CJ8 = "", "", CJ8*EXP(CI8*DATA!$B$4)*EXP(-CI8*DATA!$B$5)) | CL8: =CJ8*$S$4/$T$4 -> #VALUE! | CM8: =CK8*($S$4/$T$4) -> #VALUE! | CN8: =AA8 -> 63.175922 | CO8: =AG8 -> 32.5757 | CP8: =AM8 -> 14.986234 | CQ8: =AS8 | CR8: =AY8 | CS8: =Y8 -> 1.5666667 | CT8: =AE8 -> 20.583333 | CU8: =AK8 -> 46.733333 | CV8: =AQ8 | CW8: =AW8 | CX8: {=LOGEST(CN8:CP8,CS8:CU8,TRUE,TRUE)} -> 0.96877358 | CY8: 64.972691 | CZ8: 0 | DA8: 2 | DB8: 4 | DC8: 10 | DD8: 18 | DE8: 24 | DF8: 26 | DG8: 34 | DH8: 42 | DI8: 48 | DJ8: 50 | DK8: 58 | DL8: 66 | DM8: 74 | DN8: =($CY$8*$CX$8^CZ8)/$J$8 -> 1.0226586 | DO8: =($CY$8*$CX$8^DA8)/$J$8 -> 0.95978782 | DP8: =($CY$8*$CX$8^DB8)/$J$8 -> 0.90078223 | DQ8: =($CY$8*$CX$8^DC8)/$J$8 -> 0.74465231 | DR8: =($CY$8*$CX$8^DD8)/$J$8 -> 0.57773921 | DS8: =($CY$8*$CX$8^DE8)/$J$8 -> 0.47760138 | DT8: =($CY$8*$CX$8^DF8)/$J$8 -> 0.44823953 | DU8: =($CY$8*$CX$8^DG8)/$J$8 -> 0.34776707 | ... EA8: =($CY$8*$CX$8^DM8)/$J$8 -> 0.097764231 | EB8: {=LOGEST(DN8:EA8,CZ8:DM8,TRUE,TRUE)} -> 0.96877358 | EC8: 1.0226586 | ED8: =-LN(DW8/DN8)/DI8 -> 0.031724354 | EE8: =LN(2)/ED8 -> 21.849056 | EF8: =(EC8*EE8)/LN(2) -> 32.235757 | EG8: =BG8 -> 0.0049806498 | EH8: =BO8 -> 0.0020943082 | EI8: =BW8 -> 0.00075807488 | EJ8: =CE8 -> #VALUE! | EK8: =CM8 -> #VALUE! | EL8: =BC8 -> 1.4833333 | EM8: =BK8 -> 21.9 | EN8: =BS8 -> 47.95 | EO8: =CA8 | EP8: =CI8 | EQ8: {=LOGEST(EG8:EI8, EL8:EN8, TRUE, TRUE)} -> 0.9603612 | ER8: 0.0052120939 | ES8: 0 | ET8: 2 | EU8: 4 | EV8: 10 | EW8: 18 | EX8: 24 | EY8: 26 | EZ8: 34 | FA8: 42 | FB8: 48 | FC8: 50 | FD8: 58 | FE8: 66 | FF8: 72 | FG8: 78 | FH8: 84 | FI8: 90 | FJ8: 96 | FK8: =($ER8*$EQ$8^ES8)/$H8 -> 6.9578078e-05 | FL8: =($ER8*$EQ$8^ET8)/$H8 -> 6.417142e-05 | FM8: =($ER8*$EQ$8^EU8)/$H8 -> 5.9184892e-05 | FN8: =($ER8*$EQ$8^EV8)/$H8 -> 4.643212e-05 | FO8: =($ER8*$EQ$8^EW8)/$H8 -> 3.3596603e-05 | FP8: =($ER8*$EQ$8^EX8)/$H8 -> 2.6357427e-05 | FQ8: =($ER8*$EQ$8^EY8)/$H8 -> 2.4309288e-05 | FR8: =($ER8*$EQ$8^EZ8)/$H8 -> 1.7589322e-05 | ... GB8: =($ER8*$EQ$8^FJ8)/$H8 -> 1.4328304e-06 | GC8: {=LOGEST(FK8:GB8, ES8:FJ8, TRUE, TRUE)} -> 0.9603612 | GD8: 6.9578078e-05 | GE8: =-LN(FT8/FK8)/FB8 -> 0.04044581 | GF8: =LN(2)/GE8 -> 17.137676 | GG8: =(GF8*DATA!$B$3)/(DATA!$B$3+GF8) -> 15.737387 | GH8: =(GG8*GD8)/LN(2) -> 0.0015797181 | GI8: =DATA!$B$6/DW8 -> 13.27062 | GK8: =IF(G8<F8, 0.0188*(G8^(-2/3)), 0.0188*F8^(-2/3)) -> 0.00098017809 | GL8: =GK8*EF8 + GH8*DATA!$B$8 -> 0.20220634 | GM8: =DATA!$B$7/GL8 -> 9.8908866 | GO8: =GI8 -> 13.27062 | GP8: =ROUNDDOWN(GO8*27.027,0) -> 358 | GQ8: =GM8 -> 9.8908866 | GR8: =ROUNDDOWN(GQ8 * 27.027,0) -> 267 | GS8: 13.2 | GT8: 1.84 | GU8: 0.53 | GV8: =V8 -> 44376.503 | GW8: =Y8 -> 1.5666667 | GX8: 10 | GY8: =IF(GX8 = "", "", 0.001 * 4/3 *3.14159265*(GX8/2)^3) -> 0.52359878 | GZ8: =IF(GS8="","",((GS8-GU8)*GT8/GY8)) -> 44.524168 | HA8: 60.3 | HB8: 1.99 | HC8: 4.19 | HD8: =AB8 -> 44377.296 | HE8: =AE8 -> 20.583333 | HF8: 27.8 | HG8: 1.64 | HH8: 1.1 | HI8: =AH8 -> 44378.385 | HJ8: =AK8 -> 46.733333 | HN8: =AN8 -> 0 | HO8: =AQ8 | HS8: =AT8 -> 0 | HT8: =AW8 | HU8: =GW8 -> 1.5666667 | HV8: =HE8 -> 20.583333 | HW8: =HJ8 -> 46.733333 | HZ8: =(GS8-GU8)*GT8/GY8 -> 44.524168 | IA8: =(HA8-HC8)*HB8/GY8 -> 213.25279 | IB8: =(HF8-HH8)*HG8/GY8 -> 83.62892 | IJ8: {=LOGEST(IA8:IB8, HV8:HW8, TRUE, FALSE)} -> 0.96483623 | IK8: 445.54478 | IL8: =IF(IK8="","",-LN(IJ8)) -> 0.035796898 | IM8: =LN(2)/IL8 -> 19.363331 | IN8: =(IM8*DATA!$B$3)/(DATA!B3+'Inputs-new'!IM8) -> 17.594487 | IO8: =IK8 -> 445.54478 | IP8: =IO8/I8 -> 6.9765173 | IQ8: =IN8/LN(2) -> 25.383479 | IR8: =IQ8*IP8/1000 -> 0.17708828 | IS8: =110.01*(GY8^0.0275) -> 108.06987 | IT8: =IS8*IR8 -> 19.137907 | IU8: =IT8/1000 -> 0.019137907 | IV8: =(80/IU8)/1000 -> 4.1801854
A9: 8 | C9: F | E9: 173 | F9: 63.2 | G9: =IF(C9 = "M", 65.76+(1.452*(E9-152)), 62.34+(1.247*(E9-152))) -> 88.527 | H9: 53.84 | I9: =Z9*EXP(DATA!$B$4*Y9) -> 42.544521 | J9: =AA9*EXP(DATA!$B$5*'Inputs-new'!Y9) -> 42.544521 | L9: 44690.67 | M9: 44690.618 | N9: 1.01 | S9: =N9/P9 -> #DIV/0! | T9: =Q9*EXP((O9-M9)*24*DATA!$B$4) -> 0 | U9: =T9/S9 -> #DIV/0! | V9: 44690.751 | W9: 205.3 | X9: 204481.18 | Y9: =IF(V9="","",(V9-$L9)*24) -> 1.9333333 | Z9: =IF(W9 = "", "", W9*X9/1000000) -> 41.979986 | AA9: =IF(Z9 = "", "", Z9*EXP(Y9*DATA!$B$4)*EXP(-DATA!$B$5*'Inputs-new'!Y9)) -> 42.249537 | AB9: 44691.321 | AC9: 118.1 | AD9: 197253.58 | AE9: =IF(AB9="","",(AB9-$L9)*24) -> 15.616667 | AF9: =IF(AC9 = "", "", AC9*AD9/1000000) -> 23.295648 | AG9: =IF(AF9 = "", "", AF9*EXP(AE9*DATA!$B$4)*EXP(-DATA!$B$5*'Inputs-new'!AE9)) -> 24.531706 | AH9: 44692.319 | AI9: 49.9 | AJ9: 206486.31 | AK9: =IF(AH9="","",(AH9-$L9)*24) -> 39.566667 | AL9: =IF(AI9 = "", "", AI9*AJ9/1000000) -> 10.303667 | AM9: =IF(AL9 = "", "", AL9*EXP(AK9*DATA!$B$4)*EXP(-DATA!$B$5*'Inputs-new'!AK9)) -> 11.745704 | AN9: 44693.297 | AO9: 22.1 | AP9: 194052 | AQ9: =IF(AN9="","",(AN9-$L9)*24) -> 63.05 | AR9: =IF(AO9 = "", "", AO9*AP9/1000000) -> 4.2885492 | AS9: =IF(AR9 = "", "", AR9*EXP(AQ9*DATA!$B$4)*EXP(-DATA!$B$5*'Inputs-new'!AQ9)) -> 5.2839773 | AT9: 44694.297 | AU9: 13.2 | AV9: 224672 | AW9: =IF(AT9="","",(AT9-$L9)*24) -> 87.05 | AX9: =IF(AU9 = "", "", AU9*AV9/1000000) -> 2.9656704 | AY9: =IF(AX9 = "", "", AX9*EXP(AW9*DATA!$B$4)*EXP(-DATA!$B$5*'Inputs-new'!AW9)) -> 3.9562122 | BC9: =IF(AZ9 = "", "", 24*(AZ9-$L9)) | BD9: =IF(BB9 = "", "", BB9*EXP(DATA!$B$4*(BA9-AZ9)*24)) | BE9: =IF(BD9 = "", "", BD9*EXP(BC9*DATA!$B$4)*EXP(-BC9*DATA!$B$5)) | BF9: =BD9*$S9/$T9 -> #VALUE! | BG9: =BE9*$S9/$T9 -> #VALUE! | BK9: =IF(BH9 = "", "", 24*(BH9-$L9)) | BL9: =IF(BJ9 = "", "", BJ9*EXP(DATA!$B$4*(BI9-BH9)*24)) | BM9: =IF(BL9 = "", "", BL9*EXP(BK9*DATA!$B$4)*EXP(-BK9*DATA!$B$5)) | BN9: =BL9*$S9/$T9 -> #VALUE! | BO9: =BM9*($S9/$T9) -> #VALUE! | BS9: =IF(BP9 = "", "", 24*(BP9-$L9)) | BT9: =IF(BR9 = "", "", BR9*EXP(DATA!$B$4*(BQ9-BP9)*24)) | BU9: =IF(BT9 = "", "", BT9*EXP(BS9*DATA!$B$4)*EXP(-BS9*DATA!$B$5)) | BV9: =BT9*$S9/$T9 -> #VALUE! | BW9: =BU9*$S9/$T9 -> #VALUE! | CA9: =IF(BX9 = "", "", 24*(BX9-$L9)) | CB9: =IF(BZ9 = "", "", BZ9*EXP(DATA!$B$4*(BY9-BX9)*24)) | CC9: =IF(CB9 = "", "", CB9*EXP(CA9*DATA!$B$4)*EXP(-CA9*DATA!$B$5)) | CD9: =CB9*$S9/$T9 -> #VALUE! | CE9: =CC9*($S9/$T9) -> #VALUE! | CI9: =IF(CF9 = "", "", 24*(CF9-$L9)) | CJ9: =IF(CH9 = "", "", CH9*EXP(DATA!$B$4*(CG9-CF9)*24)) | CK9: =IF(CJ9 = "", "", CJ9*EXP(CI9*DATA!$B$4)*EXP(-CI9*DATA!$B$5)) | CL9: =CJ9*$S9/$T9 -> #VALUE! | CM9: =CK9*($S9/$T9) -> #VALUE! | CN9: =AA9 -> 42.249537 | CO9: =AG9 -> 24.531706 | CP9: =AM9 -> 11.745704 | CQ9: =AS9 -> 5.2839773 | CR9: =AY9 -> 3.9562122 | CS9: =Y9 -> 1.9333333 | CT9: =AE9 -> 15.616667 | CU9: =AK9 -> 39.566667 | CV9: =AQ9 -> 63.05 | CW9: =AW9 -> 87.05 | CX9: {=LOGEST(CN9:CR9,CS9:CW9,TRUE,TRUE)} -> 0.97184081 | CY9: 39.376124 | CZ9: 0 | DA9: 2 | DB9: 4 | DC9: 10 | DD9: 18 | DE9: 24 | DF9: 26 | DG9: 34 | DH9: 42 | DI9: 48 | DJ9: 50 | DK9: 58 | DL9: 66 | DM9: 74 | DN9: =($CY9*$CX9^CZ9)/$J9 -> 0.9255275 | DO9: =($CY9*$CX9^DA9)/$J9 -> 0.87413717 | DP9: =($CY9*$CX9^DB9)/$J9 -> 0.82560032 | DQ9: =($CY9*$CX9^DC9)/$J9 -> 0.69556967 | DR9: =($CY9*$CX9^DD9)/$J9 -> 0.55347969 | DS9: =($CY9*$CX9^DE9)/$J9 -> 0.46630758 | DT9: =($CY9*$CX9^DF9)/$J9 -> 0.44041564 | DU9: =($CY9*$CX9^DG9)/$J9 -> 0.35044816 | ... EA9: =($CY9*$CX9^DM9)/$J9 -> 0.11179671 | EB9: {=LOGEST(DN9:EA9,CZ9:DM9,TRUE,TRUE)} -> 0.97184081 | EC9: 0.9255275 | ED9: =-LN(DW9/DN9)/DI9 -> 0.028563266 | EE9: =LN(2)/ED9 -> 24.267084 | EF9: =(EC9*EE9)/LN(2) -> 32.402719 | EG9: =BG9 -> #VALUE! | EH9: =BO9 -> #VALUE! | EI9: =BW9 -> #VALUE! | EJ9: =CE9 -> #VALUE! | EK9: =CM9 -> #VALUE! | EL9: =BC9 | EM9: =BK9 | EN9: =BS9 | EO9: =CA9 | EP9: =CI9 | EQ9: {=LOGEST(EG9:EI9, EL9:EN9, TRUE, TRUE)} -> #VALUE! | ER9: #VALUE! | ES9: 0 | ET9: 2 | EU9: 4 | EV9: 10 | EW9: 18 | EX9: 24 | EY9: 26 | EZ9: 34 | FA9: 42 | FB9: 48 | FC9: 50 | FD9: 58 | FE9: 66 | FF9: 72 | FG9: 78 | FH9: 84 | FI9: 90 | FJ9: 96 | FK9: =($ER9*$EQ9^ES9)/$I9 -> #VALUE! | FL9: =($ER9*$EQ$9^ET9)/$I9 -> #VALUE! | FM9: =($ER9*$EQ$9^EU9)/$I9 -> #VALUE! | FN9: =($ER9*$EQ$9^EV9)/$I9 -> #VALUE! | FO9: =($ER9*$EQ$9^EW9)/$I9 -> #VALUE! | FP9: =($ER9*$EQ$9^EX9)/$I9 -> #VALUE! | FQ9: =($ER9*$EQ$9^EY9)/$I9 -> #VALUE! | FR9: =($ER9*$EQ$9^EZ9)/$I9 -> #VALUE! | FS9: =($ER9*$EQ$9^FA9)/$I9 -> #VALUE! | ... GB9: =($ER9*$EQ$9^FJ9)/$I9 -> #VALUE! | GC9: {=LOGEST(FK9:GB9, ES9:FJ9, TRUE, TRUE)} -> #VALUE! | GD9: #VALUE! | GE9: =-LN(FT9/FK9)/FB9 -> #VALUE! | GF9: =LN(2)/GE9 -> #VALUE! | GG9: =(GF9*DATA!$B$3)/(DATA!$B$3+GF9) -> #VALUE! | GH9: =(GG9*GD9)/LN(2) -> #VALUE! | GI9: =DATA!$B$6/DW9 -> 12.599 | GK9: =IF(G9<F9, 0.0188*(G9^(-2/3)), 0.0188*F9^(-2/3)) -> 0.0011848948 | GL9: =GK9*EF9 + GH9*DATA!$B$8 -> #VALUE! | GM9: =DATA!$B$7/GL9 -> #VALUE! | GO9: =GI9 -> 12.599 | GP9: =ROUNDDOWN(GO9*27.027,0) -> 340 | GQ9: =GM9 -> #VALUE! | GR9: =ROUNDDOWN(GQ9 * 27.027,0) -> #VALUE! | GS9: 1.04 | GT9: 25.03 | GU9: 0.375 | GV9: =V9 -> 44690.751 | GW9: =Y9 -> 1.9333333 | GX9: 13.2 | GY9: =IF(GX9 = "", "", 0.001 * 4/3 *3.14159265*(GX9/2)^3) -> 1.2042604 | GZ9: =IF(GS9="","",((GS9-GU9)*GT9/GY9)) -> 13.82172 | HA9: 1.28 | HB9: 18.11 | HC9: 0.2 | HD9: =AB9 -> 44691.321 | HE9: =AE9 -> 15.616667 | HF9: 0.826 | HG9: 16.87 | HH9: 0.075 | HI9: =AH9 -> 44692.319 | HJ9: =AK9 -> 39.566667 | HK9: 0.513 | HL9: 19.61 | HM9: 0.027 | HN9: =AN9 -> 44693.297 | HO9: =AQ9 -> 63.05 | HP9: 0.47 | HQ9: 18.1 | HR9: 0.022 | HS9: =AT9 -> 44694.297 | HT9: =AW9 -> 87.05 | HU9: =GW9 -> 1.9333333 | HV9: =HE9 -> 15.616667 | HW9: =HJ9 -> 39.566667 | HX9: =HO9 -> 63.05 | HY9: =HT9 -> 87.05 | HZ9: =(GS9-GU9)*GT9/GY9 -> 13.82172 | IA9: =(HA9-HC9)*HB9/GY9 -> 16.241337 | IB9: =(HF9-HH9)*HG9/GY9 -> 10.520457 | IC9: =(HK9-HM9)*HL9/$GY9 -> 7.9139526 | ID9: =(HP9-HR9)*HQ9/$GY9 -> 6.7334273 | IE9: =HZ9*EXP(DATA!$B$4*'Inputs-new'!HU9) -> 14.00759 | IF9: =IA9*EXP(DATA!$B$4*'Inputs-new'!HV9) -> 18.091838 | IG9: =IB9*EXP(DATA!$B$4*'Inputs-new'!HW9) -> 13.82809 | IH9: =IC9*EXP(DATA!$B$4*'Inputs-new'!HX9) -> 12.234534 | II9: =ID9*EXP(DATA!$B$4*'Inputs-new'!HY9) -> 12.28703 | IJ9: {=LOGEST(IF9:IH9, HV9:HX9, TRUE, FALSE)} -> 0.99177682 | IK9: 20.103617 | IL9: =IF(IK9="","",-LN(IJ9)) -> 0.008257178 | IM9: =LN(2)/IL9 -> 83.944803 | IN9: =(IM9*DATA!$B$3)/(DATA!$B$3+'Inputs-new'!IM9) -> 58.463913 | IO9: =IK9 -> 20.103617 | IP9: =IO9/I9 -> 0.47253128 | IQ9: =IN9/LN(2) -> 84.345598 | IR9: =IQ9*IP9/1000 -> 0.039855933 | IS9: =110.01*(GY9^0.0275) -> 110.57373 | IT9: =IS9*IR9 -> 4.4070194 | IU9: =IT9/1000 -> 0.0044070194 | IV9: =(80/IU9)/1000 -> 18.152859
A10: 9 | C10: M | E10: 183 | F10: 91.1 | G10: =IF(C10 = "M", 65.76+(1.452*(E10-152)), 62.34+(1.247*(E10-152))) -> 110.772 | H10: 52.2 | I10: =Z10*EXP(DATA!$B$4*Y10) -> 46.525435 | J10: =AA10*EXP(DATA!$B$5*'Inputs-new'!Y10) -> 46.525435 | L10: 44753.617 | M10: 44753.625 | N10: 5.07 | O10: 44757.348 | P10: 200 | Q10: 54412.6 | S10: =N10/P10 -> 0.02535 | T10: =Q10*EXP((O10-M10)*24*DATA!$B$4) -> 100881.57 | U10: =T10/S10 -> 3979549 | V10: 44753.724 | W10: 152.1 | X10: 300475.75 | Y10: =IF(V10="","",(V10-$L10)*24) -> 2.5833333 | Z10: =IF(W10 = "", "", W10*X10/1000000) -> 45.702362 | AA10: =IF(Z10 = "", "", Z10*EXP(Y10*DATA!$B$4)*EXP(-DATA!$B$5*'Inputs-new'!Y10)) -> 46.094897 | AB10: 44754.33 | AC10: 62.7 | AD10: 269542.37 | AE10: =IF(AB10="","",(AB10-$L10)*24) -> 17.116667 | AF10: =IF(AC10 = "", "", AC10*AD10/1000000) -> 16.900307 | AG10: =IF(AF10 = "", "", AF10*EXP(AE10*DATA!$B$4)*EXP(-DATA!$B$5*'Inputs-new'!AE10)) -> 17.885627 | AH10: 44755.321 | AI10: 13.1 | AJ10: 284515.41 | AK10: =IF(AH10="","",(AH10-$L10)*24) -> 40.9 | AL10: =IF(AI10 = "", "", AI10*AJ10/1000000) -> 3.7271519 | AM10: =IF(AL10 = "", "", AL10*EXP(AK10*DATA!$B$4)*EXP(-DATA!$B$5*'Inputs-new'!AK10)) -> 4.2675766 | AN10: 44757.308 | AO10: 2.01 | AP10: 179860 | AQ10: =IF(AN10="","",(AN10-$L10)*24) -> 88.583333 | AR10: =IF(AO10 = "", "", AO10*AP10/1000000) -> 0.3615186 | AS10: =IF(AR10 = "", "", AR10*EXP(AQ10*DATA!$B$4)*EXP(-DATA!$B$5*'Inputs-new'!AQ10)) -> 0.48472108 | AW10: =IF(AT10="","",(AT10-$L10)*24) | AX10: =IF(AU10 = "", "", AU10*AV10/1000000) | AY10: =IF(AX10 = "", "", AX10*EXP(AW10*DATA!$B$4)*EXP(-DATA!$B$5*'Inputs-new'!AW10)) | AZ10: 44753.77 | BA10: 44757.348 | BB10: 4099.8 | BC10: =IF(AZ10 = "", "", 24*(AZ10-$L10)) -> 3.6833333 | BD10: =IF(BB10 = "", "", BB10*EXP(DATA!$B$4*(BA10-AZ10)*24)) -> 7420.3191 | BE10: =IF(BD10 = "", "", BD10*EXP(BC10*DATA!$B$4)*EXP(-BC10*DATA!$B$5)) -> 7511.3555 | BF10: =BD10*$S10/$T10 -> 0.0018646131 | BG10: =BE10*$S10/$T10 -> 0.0018874891 | BH10: 44754.369 | BI10: 44757.348 | BJ10: 1587.7 | BK10: =IF(BH10 = "", "", 24*(BH10-$L10)) -> 18.066667 | BL10: =IF(BJ10 = "", "", BJ10*EXP(DATA!$B$4*(BI10-BH10)*24)) -> 2601.7665 | BM10: =IF(BL10 = "", "", BL10*EXP(BK10*DATA!$B$4)*EXP(-BK10*DATA!$B$5)) -> 2762.1279 | BN10: =BL10*$S10/$T10 -> 0.00065378427 | BO10: =BM10*($S10/$T10) -> 0.00069408064 | BP10: 44755.323 | BQ10: 44757.348 | BR10: 495.36 | BS10: =IF(BP10 = "", "", 24*(BP10-$L10)) -> 40.95 | BT10: =IF(BR10 = "", "", BR10*EXP(DATA!$B$4*(BQ10-BP10)*24)) -> 693.03448 | BU10: =IF(BT10 = "", "", BT10*EXP(BS10*DATA!$B$4)*EXP(-BS10*DATA!$B$5)) -> 793.65356 | BV10: =BT10*$S10/$T10 -> 0.000174149 | BW10: =BU10*$S10/$T10 -> 0.00019943304 | BX10: 44757.313 | BY10: 44757.348 | BZ10: 65 | CA10: =IF(BX10 = "", "", 24*(BX10-$L10)) -> 88.716667 | CB10: =IF(BZ10 = "", "", BZ10*EXP(DATA!$B$4*(BY10-BX10)*24)) -> 65.375337 | CC10: =IF(CB10 = "", "", CB10*EXP(CA10*DATA!$B$4)*EXP(-CA10*DATA!$B$5)) -> 87.693397 | CD10: =CB10*$S10/$T10 -> 1.6427826e-05 | CE10: =CC10*($S10/$T10) -> 2.2036014e-05 | CI10: =IF(CF10 = "", "", 24*(CF10-$L10)) | CJ10: =IF(CH10 = "", "", CH10*EXP(DATA!$B$4*(CG10-CF10)*24)) | CK10: =IF(CJ10 = "", "", CJ10*EXP(CI10*DATA!$B$4)*EXP(-CI10*DATA!$B$5)) | CL10: =CJ10*$S10/$T10 -> #VALUE! | CM10: =CK10*($S10/$T10) -> #VALUE! | CN10: =AA10 -> 46.094897 | CO10: =AG10 -> 17.885627 | CP10: =AM10 -> 4.2675766 | CQ10: =AS10 -> 0.48472108 | CR10: =AY10 | CS10: =Y10 -> 2.5833333 | CT10: =AE10 -> 17.116667 | CU10: =AK10 -> 40.9 | CV10: =AQ10 -> 88.583333 | CW10: =AW10 | CX10: {=LOGEST(CN10:CQ10,CS10:CV10,TRUE,TRUE)} -> 0.94892902 | CY10: 45.398823 | CZ10: 0 | DA10: 2 | DB10: 4 | DC10: 10 | DD10: 18 | DE10: 24 | DF10: 26 | DG10: 34 | DH10: 42 | DI10: 48 | DJ10: 50 | DK10: 58 | DL10: 66 | DM10: 74 | DN10: =($CY10*$CX10^CZ10)/$J10 -> 0.97578502 | DO10: =($CY10*$CX10^DA10)/$J10 -> 0.87866152 | DP10: =($CY10*$CX10^DB10)/$J10 -> 0.79120508 | DQ10: =($CY10*$CX10^DC10)/$J10 -> 0.57768547 | DR10: =($CY10*$CX10^DD10)/$J10 -> 0.37980553 | DS10: =($CY10*$CX10^DE10)/$J10 -> 0.2773088 | DT10: =($CY10*$CX10^DF10)/$J10 -> 0.24970723 | DU10: =($CY10*$CX10^DG10)/$J10 -> 0.1641727 | ... EA10: =($CY10*$CX10^DM10)/$J10 -> 0.02016741 | EB10: {=LOGEST(DN10:EA10,CZ10:DM10,TRUE,TRUE)} -> 0.94892902 | EC10: 0.97578502 | ED10: =-LN(DW10/DN10)/DI10 -> 0.052421275 | EE10: =LN(2)/ED10 -> 13.222631 | EF10: =(EC10*EE10)/LN(2) -> 18.614294 | EG10: =BG10 -> 0.0018874891 | EH10: =BO10 -> 0.00069408064 | EI10: =BW10 -> 0.00019943304 | EJ10: =CE10 -> 2.2036014e-05 | EK10: =CM10 -> #VALUE! | EL10: =BC10 -> 3.6833333 | EM10: =BK10 -> 18.066667 | EN10: =BS10 -> 40.95 | EO10: =CA10 -> 88.716667 | EP10: =CI10 | EQ10: {=LOGEST(EG10:EJ10, EL10:EO10, TRUE, TRUE)} -> 0.94991912 | ER10: 0.0019262387 | ES10: 0 | ET10: 2 | EU10: 4 | EV10: 10 | EW10: 18 | EX10: 24 | EY10: 26 | EZ10: 34 | FA10: 42 | FB10: 48 | FC10: 50 | FD10: 58 | FE10: 66 | FF10: 72 | FG10: 78 | FH10: 84 | FI10: 90 | FJ10: 96 | FK10: =($ER10*$EQ10^ES10)/$I10 -> 4.1401843e-05 | FL10: =($ER10*$EQ10^ET10)/$I10 -> 3.7358801e-05 | FM10: =($ER10*$EQ10^EU10)/$I10 -> 3.3710578e-05 | FN10: =($ER10*$EQ10^EV10)/$I10 -> 2.4767717e-05 | FO10: =($ER10*$EQ10^EW10)/$I10 -> 1.6420222e-05 | FP10: =($ER10*$EQ10^EX10)/$I10 -> 1.2064208e-05 | FQ10: =($ER10*$EQ10^EY10)/$I10 -> 1.0886094e-05 | FR10: =($ER10*$EQ10^EZ10)/$I10 -> 7.2171401e-06 | ... GB10: =($ER10*$EQ10^FJ10)/$I10 -> 2.9849446e-07 | GC10: {=LOGEST(FK10:GB10, ES10:FJ10, TRUE, TRUE)} -> 0.94991912 | GD10: 4.1401843e-05 | GE10: =-LN(FT10/FK10)/FB10 -> 0.05137843 | GF10: =LN(2)/GE10 -> 13.491015 | GG10: =(GF10*DATA!$B$3)/(DATA!$B$3+GF10) -> 12.607894 | GH10: =(GG10*GD10)/LN(2) -> 0.00075307247 | GI10: =DATA!$B$6/DW10 -> 37.559391 | GK10: =IF(G10<F10, 0.0188*(G10^(-2/3)), 0.0188*F10^(-2/3)) -> 0.0009285649 | GL10: =GK10*EF10 + GH10*DATA!$B$8 -> 0.098616407 | GM10: =DATA!$B$7/GL10 -> 20.280601 | GO10: =GI10 -> 37.559391 | GP10: =ROUNDDOWN(GO10*27.027,0) -> 1015 | GQ10: =GM10 -> 20.280601 | GR10: =ROUNDDOWN(GQ10 * 27.027,0) -> 548 | GS10: 1.05 | GT10: 15.28 | GU10: 0.1541 | GV10: =V10 -> 44753.724 | GW10: =Y10 -> 2.5833333 | GX10: 13 | GY10: =IF(GX10 = "", "", 0.001 * 4/3 *3.14159265*(GX10/2)^3) -> 1.1503465 | GZ10: =IF(GS10="","",((GS10-GU10)*GT10/GY10)) -> 11.900199 | HA10: 0.632 | HB10: 34.19 | HC10: 0.1166 | HD10: =AB10 -> 44754.33 | HE10: =AE10 -> 17.116667 | HF10: 0.3323 | HG10: 50 | HH10: 0.02 | HI10: =AH10 -> 44755.321 | HJ10: =AK10 -> 40.9 | HN10: =AN10 -> 44757.308 | HO10: =AQ10 -> 88.583333 | HS10: =AT10 -> 0 | HT10: =AW10 | HU10: =GW10 -> 2.5833333 | HV10: =HE10 -> 17.116667 | HW10: =HJ10 -> 40.9 | HX10: =HO10 -> 88.583333 | HY10: =HT10 | HZ10: =(GS10-GU10)*GT10/GY10 -> 11.900199 | IA10: =(HA10-HC10)*HB10/GY10 -> 15.31845 | IB10: =(HF10-HH10)*HG10/GY10 -> 13.574171 | IC10: =(HK10-HM10)*HL10/$GY10 -> 0 | ID10: =(HP10-HR10)*HQ10/$GY10 -> 0 | IE10: =HZ10*EXP(DATA!$B$4*'Inputs-new'!HU10) -> 12.114515 | IF10: =IA10*EXP(DATA!$B$4*'Inputs-new'!HV10) -> 17.241569 | IG10: =IB10*EXP(DATA!$B$4*'Inputs-new'!HW10) -> 18.00702 | IH10: =IC10*EXP(DATA!$B$4*'Inputs-new'!HX10) -> 0 | II10: =ID10*EXP(DATA!$B$4*'Inputs-new'!HY10) -> #VALUE! | IJ10: {=LOGEST(IF10:IH10, HV10:HX10, TRUE, FALSE)} -> #NUM! | IK10: #NUM! | IL10: =IF(IK10="","",-LN(IJ10)) -> #NUM! | IM10: =LN(2)/IL10 -> #NUM! | IN10: =(IM10*DATA!$B$3)/(DATA!$B$3+'Inputs-new'!IM10) -> #NUM! | IO10: =IK10 -> #NUM! | IP10: =IO10/I10 -> #NUM! | IQ10: =IN10/LN(2) -> #NUM! | IR10: =IQ10*IP10/1000 -> #NUM! | IS10: =110.01*(GY10^0.0275) -> 110.43455 | IT10: =IS10*IR10 -> #NUM! | IU10: =IT10/1000 -> #NUM! | IV10: =(80/IU10)/1000 -> #NUM!
A11: 10 | C11: F | E11: 173 | F11: 76.2 | G11: =IF(C11 = "M", 65.76+(1.452*(E11-152)), 62.34+(1.247*(E11-152))) -> 88.527 | I11: =Z11*EXP(DATA!$B$4*Y11) -> 41.774335 | J11: =AA11*EXP(DATA!$B$5*'Inputs-new'!Y11) -> 41.774335 | L11: 44753.617 | M11: 44753.625 | N11: 5.07 | O11: 44757.348 | P11: 200 | Q11: 54412.6 | S11: =N11/P11 -> 0.02535 | T11: =Q11*EXP((O11-M11)*24*DATA!$B$4) -> 100881.57 | U11: =T11/S11 -> 3979549 | V11: 44753.684 | W11: 189.2 | X11: 218342 | Y11: =IF(V11="","",(V11-$L11)*24) -> 1.6166667 | Z11: =IF(W11 = "", "", W11*X11/1000000) -> 41.310306 | AA11: =IF(Z11 = "", "", Z11*EXP(Y11*DATA!$B$4)*EXP(-DATA!$B$5*'Inputs-new'!Y11)) -> 41.531995 | AB11: 44754.285 | AC11: 61.2 | AD11: 215990 | AE11: =IF(AB11="","",(AB11-$L11)*24) -> 16.05 | AF11: =IF(AC11 = "", "", AC11*AD11/1000000) -> 13.218588 | AG11: =IF(AF11 = "", "", AF11*EXP(AE11*DATA!$B$4)*EXP(-DATA!$B$5*'Inputs-new'!AE11)) -> 13.939945 | AH11: 44755.285 | AI11: 6.67 | AJ11: 204668 | AK11: =IF(AH11="","",(AH11-$L11)*24) -> 40.05 | AL11: =IF(AI11 = "", "", AI11*AJ11/1000000) -> 1.3651356 | AM11: =IF(AL11 = "", "", AL11*EXP(AK11*DATA!$B$4)*EXP(-DATA!$B$5*'Inputs-new'!AK11)) -> 1.5586835 | AQ11: =IF(AN11="","",(AN11-$L11)*24) | AR11: =IF(AO11 = "", "", AO11*AP11/1000000) | AS11: =IF(AR11 = "", "", AR11*EXP(AQ11*DATA!$B$4)*EXP(-DATA!$B$5*'Inputs-new'!AQ11)) | AW11: =IF(AT11="","",(AT11-$L11)*24) | AX11: =IF(AU11 = "", "", AU11*AV11/1000000) | AY11: =IF(AX11 = "", "", AX11*EXP(AW11*DATA!$B$4)*EXP(-DATA!$B$5*'Inputs-new'!AW11)) | AZ11: 44753.729 | BA11: 44756.715 | BB11: 4672 | BC11: =IF(AZ11 = "", "", 24*(AZ11-$L11)) -> 2.7 | BD11: =IF(BB11 = "", "", BB11*EXP(DATA!$B$4*(BA11-AZ11)*24)) -> 7665.718 | BE11: =IF(BD11 = "", "", BD11*EXP(BC11*DATA!$B$4)*EXP(-BC11*DATA!$B$5)) -> 7734.5452 | BF11: =BD11*$S11/$T11 -> 0.0019262781 | BG11: =BE11*$S11/$T11 -> 0.0019435733 | BH11: 44754.333 | BI11: 44756.715 | BJ11: 1810 | BK11: =IF(BH11 = "", "", 24*(BH11-$L11)) -> 17.2 | BL11: =IF(BJ11 = "", "", BJ11*EXP(DATA!$B$4*(BI11-BH11)*24)) -> 2686.6956 | BM11: =IF(BL11 = "", "", BL11*EXP(BK11*DATA!$B$4)*EXP(-BK11*DATA!$B$5)) -> 2844.1197 | BN11: =BL11*$S11/$T11 -> 0.00067512564 | BO11: =BM11*($S11/$T11) -> 0.00071468393 | BP11: 44756.33 | BQ11: 44756.715 | BR11: 280 | BS11: =IF(BP11 = "", "", 24*(BP11-$L11)) -> 65.116667 | BT11: =IF(BR11 = "", "", BR11*EXP(DATA!$B$4*(BQ11-BP11)*24)) -> 298.47948 | BU11: =IF(BT11 = "", "", BT11*EXP(BS11*DATA!$B$4)*EXP(-BS11*DATA!$B$5)) -> 370.28523 | BV11: =BT11*$S11/$T11 -> 7.5003344e-05 | BW11: =BU11*$S11/$T11 -> 9.3047034e-05 | CA11: =IF(BX11 = "", "", 24*(BX11-$L11)) | CB11: =IF(BZ11 = "", "", BZ11*EXP(DATA!$B$4*(BY11-BX11)*24)) | CC11: =IF(CB11 = "", "", CB11*EXP(CA11*DATA!$B$4)*EXP(-CA11*DATA!$B$5)) | CD11: =CB11*$S11/$T11 -> #VALUE! | CE11: =CC11*($S11/$T11) -> #VALUE! | CI11: =IF(CF11 = "", "", 24*(CF11-$L11)) | CJ11: =IF(CH11 = "", "", CH11*EXP(DATA!$B$4*(CG11-CF11)*24)) | CK11: =IF(CJ11 = "", "", CJ11*EXP(CI11*DATA!$B$4)*EXP(-CI11*DATA!$B$5)) | CL11: =CJ11*$S11/$T11 -> #VALUE! | CM11: =CK11*($S11/$T11) -> #VALUE! | CN11: =AA11 -> 41.531995 | CO11: =AG11 -> 13.939945 | CP11: =AM11 -> 1.5586835 | CQ11: =AS11 | CR11: =AY11 | CS11: =Y11 -> 1.6166667 | CT11: =AE11 -> 16.05 | CU11: =AK11 -> 40.05 | CV11: =AQ11 | CW11: =AW11 | CX11: {=LOGEST(CN11:CP11,CS11:CU11,TRUE,TRUE)} -> 0.91758731 | CY11: 50.554108 | CZ11: 0 | DA11: 2 | DB11: 4 | DC11: 10 | DD11: 18 | DE11: 24 | DF11: 26 | DG11: 34 | DH11: 42 | DI11: 48 | DJ11: 50 | DK11: 58 | DL11: 66 | DM11: 74 | DN11: =($CY11*$CX11^CZ11)/$J11 -> 1.2101715 | DO11: =($CY11*$CX11^DA11)/$J11 -> 1.0189238 | DP11: =($CY11*$CX11^DB11)/$J11 -> 0.85789968 | DQ11: =($CY11*$CX11^DC11)/$J11 -> 0.51206006 | DR11: =($CY11*$CX11^DD11)/$J11 -> 0.25733574 | DS11: =($CY11*$CX11^DE11)/$J11 -> 0.15359762 | DT11: =($CY11*$CX11^DF11)/$J11 -> 0.12932405 | DU11: =($CY11*$CX11^DG11)/$J11 -> 0.064991789 | ... EA11: =($CY11*$CX11^DM11)/$J11 -> 0.0020833128 | EB11: {=LOGEST(DN11:EA11,CZ11:DM11,TRUE,TRUE)} -> 0.91758731 | EC11: 1.2101715 | ED11: =-LN(DW11/DN11)/DI11 -> 0.086007541 | EE11: =LN(2)/ED11 -> 8.0591443 | EF11: =(EC11*EE11)/LN(2) -> 14.070527 | EG11: =BG11 -> 0.0019435733 | EH11: =BO11 -> 0.00071468393 | EI11: =BW11 -> 9.3047034e-05 | EJ11: =CE11 -> #VALUE! | EK11: =CM11 -> #VALUE! | EL11: =BC11 -> 2.7 | EM11: =BK11 -> 17.2 | EN11: =BS11 -> 65.116667 | EO11: =CA11 | EP11: =CI11 | EQ11: {=LOGEST(EG11:EI11, EL11:EN11, TRUE, TRUE)} -> 0.95393948 | ER11: 0.0019238135 | ES11: 0 | ET11: 2 | EU11: 4 | EV11: 10 | EW11: 18 | EX11: 24 | EY11: 26 | EZ11: 34 | FA11: 42 | FB11: 48 | FC11: 50 | FD11: 58 | FE11: 66 | FF11: 72 | FG11: 78 | FH11: 84 | FI11: 90 | FJ11: 96 | FK11: =($ER11*$EQ11^ES11)/$I11 -> 4.6052521e-05 | FL11: =($ER11*$EQ11^ET11)/$I11 -> 4.1907819e-05 | FM11: =($ER11*$EQ11^EU11)/$I11 -> 3.8136137e-05 | FN11: =($ER11*$EQ11^EV11)/$I11 -> 2.8738337e-05 | FO11: =($ER11*$EQ11^EW11)/$I11 -> 1.970735e-05 | FP11: =($ER11*$EQ11^EX11)/$I11 -> 1.4850913e-05 | FQ11: =($ER11*$EQ11^EY11)/$I11 -> 1.3514339e-05 | FR11: =($ER11*$EQ11^EZ11)/$I11 -> 9.2674741e-06 | ... GB11: =($ER11*$EQ11^FJ11)/$I11 -> 4.9802642e-07 | GC11: {=LOGEST(FK11:GB11, ES11:FJ11, TRUE, TRUE)} -> 0.95393948 | GD11: 4.6052521e-05 | GE11: =-LN(FT11/FK11)/FB11 -> 0.047155049 | GF11: =LN(2)/GE11 -> 14.699321 | GG11: =(GF11*DATA!$B$3)/(DATA!$B$3+GF11) -> 13.657035 | GH11: =(GG11*GD11)/LN(2) -> 0.00090736994 | GI11: =DATA!$B$6/DW11 -> 151.83421 | GK11: =IF(G11<F11, 0.0188*(G11^(-2/3)), 0.0188*F11^(-2/3)) -> 0.0010459748 | GL11: =GK11*EF11 + GH11*DATA!$B$8 -> 0.11271337 | GM11: =DATA!$B$7/GL11 -> 17.744124 | GO11: =GI11 -> 151.83421 | GP11: =ROUNDDOWN(GO11*27.027,0) -> 4103 | GQ11: =GM11 -> 17.744124 | GR11: =ROUNDDOWN(GQ11 * 27.027,0) -> 479 | GV11: =V11 -> 44753.684 | GW11: =Y11 -> 1.6166667 | GY11: =IF(GX11 = "", "", 0.001 * 4/3 *3.14159265*(GX11/2)^3) | GZ11: =IF(GS11="","",((GS11-GU11)*GT11/GY11)) | HD11: =AB11 -> 44754.285 | HE11: =AE11 -> 16.05 | HI11: =AH11 -> 44755.285 | HJ11: =AK11 -> 40.05 | HN11: =AN11 -> 0 | HO11: =AQ11 | HS11: =AT11 -> 0 | HT11: =AW11 | HU11: =GW11 -> 1.6166667 | HV11: =HE11 -> 16.05 | HW11: =HJ11 -> 40.05 | HX11: =HO11 | HY11: =HT11 | HZ11: =(GS11-GU11)*GT11/GY11 -> #VALUE! | IA11: =(HA11-HC11)*HB11/GY11 -> #VALUE! | IB11: =(HF11-HH11)*HG11/GY11 -> #VALUE! | IC11: =(HK11-HM11)*HL11/$GY11 -> #VALUE! | ID11: =(HP11-HR11)*HQ11/$GY11 -> #VALUE! | IE11: =HZ11*EXP(DATA!$B$4*'Inputs-new'!HU11) -> #VALUE! | IF11: =IA11*EXP(DATA!$B$4*'Inputs-new'!HV11) -> #VALUE! | IG11: =IB11*EXP(DATA!$B$4*'Inputs-new'!HW11) -> #VALUE! | IH11: =IC11*EXP(DATA!$B$4*'Inputs-new'!HX11) -> #VALUE! | II11: =ID11*EXP(DATA!$B$4*'Inputs-new'!HY11) -> #VALUE! | IJ11: {=LOGEST(IF11:IH11, HV11:HX11, TRUE, FALSE)} -> #VALUE! | IK11: #VALUE! | IL11: =IF(IK11="","",-LN(IJ11)) -> #VALUE! | IM11: =LN(2)/IL11 -> #VALUE! | IN11: =(IM11*DATA!$B$3)/(DATA!$B$3+'Inputs-new'!IM11) -> #VALUE! | IO11: =IK11 -> #VALUE! | IP11: =IO11/I11 -> #VALUE! | IQ11: =IN11/LN(2) -> #VALUE! | IR11: =IQ11*IP11/1000 -> #VALUE! | IS11: =110.01*(GY11^0.0275) -> #VALUE! | IT11: =IS11*IR11 -> #VALUE! | IU11: =IT11/1000 -> #VALUE! | IV11: =(80/IU11)/1000 -> #VALUE!
A12: 11 | C12: M | E12: 161 | F12: 65 | G12: =IF(C12 = "M", 65.76+(1.452*(E12-152)), 62.34+(1.247*(E12-152))) -> 78.828 | H12: 53.6 | I12: =Z12*EXP(DATA!$B$4*Y12) -> 51.347205 | J12: =AA12*EXP(DATA!$B$5*'Inputs-new'!Y12) -> 51.347205 | L12: 45054.601 | M12: 45057.325 | N12: 7.26 | O12: 45057.681 | P12: 200 | Q12: 181422.29 | S12: =N12/P12 -> 0.0363 | T12: =Q12*EXP((O12-M12)*24*DATA!$B$4) -> 192462.71 | U12: =T12/S12 -> 5302003.1 | V12: 45054.665 | W12: 186 | X12: 273151 | Y12: =IF(V12="","",(V12-$L12)*24) -> 1.5333333 | Z12: =IF(W12 = "", "", W12*X12/1000000) -> 50.806086 | AA12: =IF(Z12 = "", "", Z12*EXP(Y12*DATA!$B$4)*EXP(-DATA!$B$5*'Inputs-new'!Y12)) -> 51.064643 | AB12: 45055.313 | AC12: 86.5 | AD12: 280330.87 | AE12: =IF(AB12="","",(AB12-$L12)*24) -> 17.083333 | AF12: =IF(AC12 = "", "", AC12*AD12/1000000) -> 24.24862 | AG12: =IF(AF12 = "", "", AF12*EXP(AE12*DATA!$B$4)*EXP(-DATA!$B$5*'Inputs-new'!AE12)) -> 25.65953 | AH12: 45056.303 | AI12: 55.1 | AJ12: 223941.78 | AK12: =IF(AH12="","",(AH12-$L12)*24) -> 40.85 | AL12: =IF(AI12 = "", "", AI12*AJ12/1000000) -> 12.339192 | AM12: =IF(AL12 = "", "", AL12*EXP(AK12*DATA!$B$4)*EXP(-DATA!$B$5*'Inputs-new'!AK12)) -> 14.125996 | AQ12: =IF(AN12="","",(AN12-$L12)*24) | AR12: =IF(AO12 = "", "", AO12*AP12/1000000) | AS12: =IF(AR12 = "", "", AR12*EXP(AQ12*DATA!$B$4)*EXP(-DATA!$B$5*'Inputs-new'!AQ12)) | AW12: =IF(AT12="","",(AT12-$L12)*24) | AX12: =IF(AU12 = "", "", AU12*AV12/1000000) | AY12: =IF(AX12 = "", "", AX12*EXP(AW12*DATA!$B$4)*EXP(-DATA!$B$5*'Inputs-new'!AW12)) | AZ12: 45054.705 | BA12: 45057.699 | BB12: 6262.793 | BC12: =IF(AZ12 = "", "", 24*(AZ12-$L12)) -> 2.4833333 | BD12: =IF(BB12 = "", "", BB12*EXP(DATA!$B$4*(BA12-AZ12)*24)) -> 10288.882 | BE12: =IF(BD12 = "", "", BD12*EXP(BC12*DATA!$B$4)*EXP(-BC12*DATA!$B$5)) -> 10373.818 | BF12: =BD12*$S12/$T12 -> 0.0019405651 | BG12: =BE12*$S12/$T12 -> 0.0019565846 | BH12: 45055.399 | BI12: 45057.704 | BJ12: 4229.245 | BK12: =IF(BH12 = "", "", 24*(BH12-$L12)) -> 19.15 | BL12: =IF(BJ12 = "", "", BJ12*EXP(DATA!$B$4*(BI12-BH12)*24)) -> 6197.9981 | BM12: =IF(BL12 = "", "", BL12*EXP(BK12*DATA!$B$4)*EXP(-BK12*DATA!$B$5)) -> 6603.6565 | BN12: =BL12*$S12/$T12 -> 0.0011689918 | BO12: =BM12*($S12/$T12) -> 0.0012455022 | BP12: 45056.349 | BQ12: 45057.71 | BR12: 1695.963 | BS12: =IF(BP12 = "", "", 24*(BP12-$L12)) -> 41.933333 | BT12: =IF(BR12 = "", "", BR12*EXP(DATA!$B$4*(BQ12-BP12)*24)) -> 2125.6374 | BU12: =IF(BT12 = "", "", BT12*EXP(BS12*DATA!$B$4)*EXP(-BS12*DATA!$B$5)) -> 2442.188 | BV12: =BT12*$S12/$T12 -> 0.00040091213 | BW12: =BU12*$S12/$T12 -> 0.0004606161 | CA12: =IF(BX12 = "", "", 24*(BX12-$L12)) | CB12: =IF(BZ12 = "", "", BZ12*EXP(DATA!$B$4*(BY12-BX12)*24)) | CC12: =IF(CB12 = "", "", CB12*EXP(CA12*DATA!$B$4)*EXP(-CA12*DATA!$B$5)) | CD12: =CB12*$S12/$T12 -> #VALUE! | CE12: =CC12*($S12/$T12) -> #VALUE! | CI12: =IF(CF12 = "", "", 24*(CF12-$L12)) | CJ12: =IF(CH12 = "", "", CH12*EXP(DATA!$B$4*(CG12-CF12)*24)) | CK12: =IF(CJ12 = "", "", CJ12*EXP(CI12*DATA!$B$4)*EXP(-CI12*DATA!$B$5)) | CL12: =CJ12*$S12/$T12 -> #VALUE! | CM12: =CK12*($S12/$T12) -> #VALUE! | CN12: =AA12 -> 51.064643 | CO12: =AG12 -> 25.65953 | CP12: =AM12 -> 14.125996 | CQ12: =AS12 | CR12: =AY12 | CS12: =Y12 -> 1.5333333 | CT12: =AE12 -> 17.083333 | CU12: =AK12 -> 40.85 | CV12: =AQ12 | CW12: =AW12 | CX12: {=LOGEST(CN12:CP12,CS12:CU12,TRUE,TRUE)} -> 0.96845154 | CY12: 49.937841 | CZ12: 0 | DA12: 2 | DB12: 4 | DC12: 10 | DD12: 18 | DE12: 24 | DF12: 26 | DG12: 34 | DH12: 42 | DI12: 48 | DJ12: 50 | DK12: 58 | DL12: 66 | DM12: 74 | DN12: =($CY12*$CX12^CZ12)/$J12 -> 0.97255227 | DO12: =($CY12*$CX12^DA12)/$J12 -> 0.9121552 | DP12: =($CY12*$CX12^DB12)/$J12 -> 0.85550889 | DQ12: =($CY12*$CX12^DC12)/$J12 -> 0.70581665 | DR12: =($CY12*$CX12^DD12)/$J12 -> 0.54615392 | DS12: =($CY12*$CX12^DE12)/$J12 -> 0.45059091 | DT12: =($CY12*$CX12^DF12)/$J12 -> 0.42260848 | DU12: =($CY12*$CX12^DG12)/$J12 -> 0.32701025 | ... EA12: =($CY12*$CX12^DM12)/$J12 -> 0.090714592 | EB12: {=LOGEST(DN12:EA12,CZ12:DM12,TRUE,TRUE)} -> 0.96845154 | EC12: 0.97255227 | ED12: =-LN(DW12/DN12)/DI12 -> 0.032056832 | EE12: =LN(2)/ED12 -> 21.622448 | EF12: =(EC12*EE12)/LN(2) -> 30.338377 | EG12: =BG12 -> 0.0019565846 | EH12: =BO12 -> 0.0012455022 | EI12: =BW12 -> 0.0004606161 | EJ12: =CE12 -> #VALUE! | EK12: =CM12 -> #VALUE! | EL12: =BC12 -> 2.4833333 | EM12: =BK12 -> 19.15 | EN12: =BS12 -> 41.933333 | EO12: =CA12 | EP12: =CI12 | EQ12: {=LOGEST(EG12:EI12, EL12:EN12, TRUE, TRUE)} -> 0.96360074 | ER12: 0.0022799717 | ES12: 0 | ET12: 2 | EU12: 4 | EV12: 10 | EW12: 18 | EX12: 24 | EY12: 26 | EZ12: 34 | FA12: 42 | FB12: 48 | FC12: 50 | FD12: 58 | FE12: 66 | FF12: 72 | FG12: 78 | FH12: 84 | FI12: 90 | FJ12: 96 | FK12: =($ER12*$EQ12^ES12)/$I12 -> 4.4403034e-05 | FL12: =($ER12*$EQ12^ET12)/$I12 -> 4.1229389e-05 | FM12: =($ER12*$EQ12^EU12)/$I12 -> 3.8282575e-05 | FN12: =($ER12*$EQ12^EV12)/$I12 -> 3.0646712e-05 | FO12: =($ER12*$EQ12^EW12)/$I12 -> 2.2780376e-05 | FP12: =($ER12*$EQ12^EX12)/$I12 -> 1.823659e-05 | FQ12: =($ER12*$EQ12^EY12)/$I12 -> 1.6933155e-05 | FR12: =($ER12*$EQ12^EZ12)/$I12 -> 1.2586787e-05 | ... GB12: =($ER12*$EQ12^FJ12)/$I12 -> 1.2633876e-06 | GC12: {=LOGEST(FK12:GB12, ES12:FJ12, TRUE, TRUE)} -> 0.96360074 | GD12: 4.4403034e-05 | GE12: =-LN(FT12/FK12)/FB12 -> 0.037078241 | GF12: =LN(2)/GE12 -> 18.694176 | GG12: =(GF12*DATA!$B$3)/(DATA!$B$3+GF12) -> 17.040254 | GH12: =(GG12*GD12)/LN(2) -> 0.0010915993 | GI12: =DATA!$B$6/DW12 -> 14.178811 | GK12: =IF(G12<F12, 0.0188*(G12^(-2/3)), 0.0188*F12^(-2/3)) -> 0.0011629176 | GL12: =GK12*EF12 + GH12*DATA!$B$8 -> 0.15317375 | GM12: =DATA!$B$7/GL12 -> 13.057067 | GO12: =GI12 -> 14.178811 | GP12: =ROUNDDOWN(GO12*27.027,0) -> 383 | GQ12: =GM12 -> 13.057067 | GR12: =ROUNDDOWN(GQ12 * 27.027,0) -> 352 | GV12: =V12 -> 45054.665 | GW12: =Y12 -> 1.5333333 | GY12: =IF(GX12 = "", "", 0.001 * 4/3 *3.14159265*(GX12/2)^3) | GZ12: =IF(GS12="","",((GS12-GU12)*GT12/GY12)) | HD12: =AB12 -> 45055.313 | HE12: =AE12 -> 17.083333 | HI12: =AH12 -> 45056.303 | HJ12: =AK12 -> 40.85 | HN12: =AN12 -> 0 | HO12: =AQ12 | HS12: =AT12 -> 0 | HT12: =AW12 | HU12: =GW12 -> 1.5333333 | HV12: =HE12 -> 17.083333 | HW12: =HJ12 -> 40.85 | HX12: =HO12 | HY12: =HT12 | HZ12: =(GS12-GU12)*GT12/GY12 -> #VALUE! | IA12: =(HA12-HC12)*HB12/GY12 -> #VALUE! | IB12: =(HF12-HH12)*HG12/GY12 -> #VALUE! | IC12: =(HK12-HM12)*HL12/$GY12 -> #VALUE! | ID12: =(HP12-HR12)*HQ12/$GY12 -> #VALUE! | IE12: =HZ12*EXP(DATA!$B$4*'Inputs-new'!HU12) -> #VALUE! | IF12: =IA12*EXP(DATA!$B$4*'Inputs-new'!HV12) -> #VALUE! | IG12: =IB12*EXP(DATA!$B$4*'Inputs-new'!HW12) -> #VALUE! | IH12: =IC12*EXP(DATA!$B$4*'Inputs-new'!HX12) -> #VALUE! | II12: =ID12*EXP(DATA!$B$4*'Inputs-new'!HY12) -> #VALUE! | IJ12: {=LOGEST(IF12:IH12, HV12:HX12, TRUE, FALSE)} -> #VALUE! | IK12: #VALUE! | IL12: =IF(IK12="","",-LN(IJ12)) -> #VALUE! | IM12: =LN(2)/IL12 -> #VALUE! | IN12: =(IM12*DATA!$B$3)/(DATA!$B$3+'Inputs-new'!IM12) -> #VALUE! | IO12: =IK12 -> #VALUE! | IP12: =IO12/I12 -> #VALUE! | IQ12: =IN12/LN(2) -> #VALUE! | IR12: =IQ12*IP12/1000 -> #VALUE! | IS12: =110.01*(GY12^0.0275) -> #VALUE! | IT12: =IS12*IR12 -> #VALUE! | IU12: =IT12/1000 -> #VALUE! | IV12: =(80/IU12)/1000 -> #VALUE!
A13: 12 | C13: M | E13: 161 | F13: 65 | G13: =IF(C13 = "M", 65.76+(1.452*(E13-152)), 62.34+(1.247*(E13-152))) -> 78.828 | H13: 42.37 | I13: =Z13*EXP(DATA!$B$4*Y13) -> 51.34747 | J13: =AA13*EXP(DATA!$B$5*'Inputs-new'!Y13) -> 51.34747 | L13: 45054.601 | M13: 45057.325 | N13: 7.26 | O13: 45057.681 | P13: 200 | Q13: 181422.29 | S13: =N13/P13 -> 0.0363 | T13: =Q13*EXP((O13-M13)*24*DATA!$B$4) -> 192462.71 | U13: =T13/S13 -> 5302003.1 | V13: 45054.665 | W13: 175.6 | X13: 289330 | Y13: =IF(V13="","",(V13-$L13)*24) -> 1.5333333 | Z13: =IF(W13 = "", "", W13*X13/1000000) -> 50.806348 | AA13: =IF(Z13 = "", "", Z13*EXP(Y13*DATA!$B$4)*EXP(-DATA!$B$5*'Inputs-new'!Y13)) -> 51.064906 | AB13: 45055.313 | AC13: 94.1 | AD13: 257677.52 | AE13: =IF(AB13="","",(AB13-$L13)*24) -> 17.083333 | AF13: =IF(AC13 = "", "", AC13*AD13/1000000) -> 24.247455 | AG13: =IF(AF13 = "", "", AF13*EXP(AE13*DATA!$B$4)*EXP(-DATA!$B$5*'Inputs-new'!AE13)) -> 25.658297 | AH13: 45056.303 | AI13: 56.1 | AJ13: 220148.13 | AK13: =IF(AH13="","",(AH13-$L13)*24) -> 40.85 | AL13: =IF(AI13 = "", "", AI13*AJ13/1000000) -> 12.35031 | AM13: =IF(AL13 = "", "", AL13*EXP(AK13*DATA!$B$4)*EXP(-DATA!$B$5*'Inputs-new'!AK13)) -> 14.138724 | AQ13: =IF(AN13="","",(AN13-$L13)*24) | AR13: =IF(AO13 = "", "", AO13*AP13/1000000) | AS13: =IF(AR13 = "", "", AR13*EXP(AQ13*DATA!$B$4)*EXP(-DATA!$B$5*'Inputs-new'!AQ13)) | AW13: =IF(AT13="","",(AT13-$L13)*24) | AX13: =IF(AU13 = "", "", AU13*AV13/1000000) | AY13: =IF(AX13 = "", "", AX13*EXP(AW13*DATA!$B$4)*EXP(-DATA!$B$5*'Inputs-new'!AW13)) | AZ13: 45054.705 | BA13: 45057.699 | BB13: 6262.793 | BC13: =IF(AZ13 = "", "", 24*(AZ13-$L13)) -> 2.4833333 | BD13: =IF(BB13 = "", "", BB13*EXP(DATA!$B$4*(BA13-AZ13)*24)) -> 10288.882 | BE13: =IF(BD13 = "", "", BD13*EXP(BC13*DATA!$B$4)*EXP(-BC13*DATA!$B$5)) -> 10373.818 | BF13: =BD13*$S13/$T13 -> 0.0019405651 | BG13: =BE13*$S13/$T13 -> 0.0019565846 | BH13: 45055.399 | BI13: 45057.704 | BJ13: 4229.245 | BK13: =IF(BH13 = "", "", 24*(BH13-$L13)) -> 19.15 | BL13: =IF(BJ13 = "", "", BJ13*EXP(DATA!$B$4*(BI13-BH13)*24)) -> 6197.9981 | BM13: =IF(BL13 = "", "", BL13*EXP(BK13*DATA!$B$4)*EXP(-BK13*DATA!$B$5)) -> 6603.6565 | BN13: =BL13*$S13/$T13 -> 0.0011689918 | BO13: =BM13*($S13/$T13) -> 0.0012455022 | BP13: 45056.349 | BQ13: 45057.71 | BR13: 1695.963 | BS13: =IF(BP13 = "", "", 24*(BP13-$L13)) -> 41.933333 | BT13: =IF(BR13 = "", "", BR13*EXP(DATA!$B$4*(BQ13-BP13)*24)) -> 2125.6374 | BU13: =IF(BT13 = "", "", BT13*EXP(BS13*DATA!$B$4)*EXP(-BS13*DATA!$B$5)) -> 2442.188 | BV13: =BT13*$S13/$T13 -> 0.00040091213 | BW13: =BU13*$S13/$T13 -> 0.0004606161 | CA13: =IF(BX13 = "", "", 24*(BX13-$L13)) | CB13: =IF(BZ13 = "", "", BZ13*EXP(DATA!$B$4*(BY13-BX13)*24)) | CC13: =IF(CB13 = "", "", CB13*EXP(CA13*DATA!$B$4)*EXP(-CA13*DATA!$B$5)) | CD13: =CB13*$S13/$T13 -> #VALUE! | CE13: =CC13*($S13/$T13) -> #VALUE! | CI13: =IF(CF13 = "", "", 24*(CF13-$L13)) | CJ13: =IF(CH13 = "", "", CH13*EXP(DATA!$B$4*(CG13-CF13)*24)) | CK13: =IF(CJ13 = "", "", CJ13*EXP(CI13*DATA!$B$4)*EXP(-CI13*DATA!$B$5)) | CL13: =CJ13*$S13/$T13 -> #VALUE! | CM13: =CK13*($S13/$T13) -> #VALUE! | CN13: =AA13 -> 51.064906 | CO13: =AG13 -> 25.658297 | CP13: =AM13 -> 14.138724 | CQ13: =AS13 | CR13: =AY13 | CS13: =Y13 -> 1.5333333 | CT13: =AE13 -> 17.083333 | CU13: =AK13 -> 40.85 | CV13: =AQ13 | CW13: =AW13 | CX13: {=LOGEST(CN13:CP13,CS13:CU13,TRUE,TRUE)} -> 0.96847498 | CY13: 49.928165 | CZ13: 0 | DA13: 2 | DB13: 4 | DC13: 10 | DD13: 18 | DE13: 24 | DF13: 26 | DG13: 34 | DH13: 42 | DI13: 48 | DJ13: 50 | DK13: 58 | DL13: 66 | DM13: 74 | DN13: =($CY13*$CX13^CZ13)/$J13 -> 0.97235882 | DO13: =($CY13*$CX13^DA13)/$J13 -> 0.91201791 | DP13: =($CY13*$CX13^DB13)/$J13 -> 0.85542152 | DQ13: =($CY13*$CX13^DC13)/$J13 -> 0.70584704 | DR13: =($CY13*$CX13^DD13)/$J13 -> 0.54628318 | DS13: =($CY13*$CX13^DE13)/$J13 -> 0.45076299 | DT13: =($CY13*$CX13^DF13)/$J13 -> 0.42279035 | DU13: =($CY13*$CX13^DG13)/$J13 -> 0.32721432 | ... EA13: =($CY13*$CX13^DM13)/$J13 -> 0.090859105 | EB13: {=LOGEST(DN13:EA13,CZ13:DM13,TRUE,TRUE)} -> 0.96847498 | EC13: 0.97235882 | ED13: =-LN(DW13/DN13)/DI13 -> 0.032032633 | EE13: =LN(2)/ED13 -> 21.638782 | EF13: =(EC13*EE13)/LN(2) -> 30.355257 | EG13: =BG13 -> 0.0019565846 | EH13: =BO13 -> 0.0012455022 | EI13: =BW13 -> 0.0004606161 | EJ13: =CE13 -> #VALUE! | EK13: =CM13 -> #VALUE! | EL13: =BC13 -> 2.4833333 | EM13: =BK13 -> 19.15 | EN13: =BS13 -> 41.933333 | EO13: =CA13 | EP13: =CI13 | EQ13: {=LOGEST(EG13:EI13, EL13:EN13, TRUE, TRUE)} -> 0.96360074 | ER13: 0.0022799717 | ES13: 0 | ET13: 2 | EU13: 4 | EV13: 10 | EW13: 18 | EX13: 24 | EY13: 26 | EZ13: 34 | FA13: 42 | FB13: 48 | FC13: 50 | FD13: 58 | FE13: 66 | FF13: 72 | FG13: 78 | FH13: 84 | FI13: 90 | FJ13: 96 | FK13: =($ER13*$EQ13^ES13)/$I13 -> 4.4402805e-05 | FL13: =($ER13*$EQ13^ET13)/$I13 -> 4.1229176e-05 | FM13: =($ER13*$EQ13^EU13)/$I13 -> 3.8282378e-05 | FN13: =($ER13*$EQ13^EV13)/$I13 -> 3.0646554e-05 | FO13: =($ER13*$EQ13^EW13)/$I13 -> 2.2780259e-05 | FP13: =($ER13*$EQ13^EX13)/$I13 -> 1.8236496e-05 | FQ13: =($ER13*$EQ13^EY13)/$I13 -> 1.6933068e-05 | FR13: =($ER13*$EQ13^EZ13)/$I13 -> 1.2586722e-05 | ... GB13: =($ER13*$EQ13^FJ13)/$I13 -> 1.2633811e-06 | GC13: {=LOGEST(FK13:GB13, ES13:FJ13, TRUE, TRUE)} -> 0.96360074 | GD13: 4.4402805e-05 | GE13: =-LN(FT13/FK13)/FB13 -> 0.037078241 | GF13: =LN(2)/GE13 -> 18.694176 | GG13: =(GF13*DATA!$B$3)/(DATA!$B$3+GF13) -> 17.040254 | GH13: =(GG13*GD13)/LN(2) -> 0.0010915936 | GI13: =DATA!$B$6/DW13 -> 14.165169 | GK13: =IF(G13<F13, 0.0188*(G13^(-2/3)), 0.0188*F13^(-2/3)) -> 0.0011629176 | GL13: =GK13*EF13 + GH13*DATA!$B$8 -> 0.15319278 | GM13: =DATA!$B$7/GL13 -> 13.055446 | GO13: =GI13 -> 14.165169 | GP13: =ROUNDDOWN(GO13*27.027,0) -> 382 | GQ13: =GM13 -> 13.055446 | GR13: =ROUNDDOWN(GQ13 * 27.027,0) -> 352 | GV13: =V13 -> 45054.665 | GW13: =Y13 -> 1.5333333 | GY13: =IF(GX13 = "", "", 0.001 * 4/3 *3.14159265*(GX13/2)^3) | GZ13: =IF(GS13="","",((GS13-GU13)*GT13/GY13)) | HD13: =AB13 -> 45055.313 | HE13: =AE13 -> 17.083333 | HI13: =AH13 -> 45056.303 | HJ13: =AK13 -> 40.85 | HN13: =AN13 -> 0 | HO13: =AQ13 | HS13: =AT13 -> 0 | HT13: =AW13 | HU13: =GW13 -> 1.5333333 | HV13: =HE13 -> 17.083333 | HW13: =HJ13 -> 40.85 | HX13: =HO13 | HY13: =HT13 | HZ13: =(GS13-GU13)*GT13/GY13 -> #VALUE! | IA13: =(HA13-HC13)*HB13/GY13 -> #VALUE! | IB13: =(HF13-HH13)*HG13/GY13 -> #VALUE! | IC13: =(HK13-HM13)*HL13/$GY13 -> #VALUE! | ID13: =(HP13-HR13)*HQ13/$GY13 -> #VALUE! | IE13: =HZ13*EXP(DATA!$B$4*'Inputs-new'!HU13) -> #VALUE! | IF13: =IA13*EXP(DATA!$B$4*'Inputs-new'!HV13) -> #VALUE! | IG13: =IB13*EXP(DATA!$B$4*'Inputs-new'!HW13) -> #VALUE! | IH13: =IC13*EXP(DATA!$B$4*'Inputs-new'!HX13) -> #VALUE! | II13: =ID13*EXP(DATA!$B$4*'Inputs-new'!HY13) -> #VALUE! | IJ13: {=LOGEST(IF13:IH13, HV13:HX13, TRUE, FALSE)} -> #VALUE! | IK13: #VALUE! | IL13: =IF(IK13="","",-LN(IJ13)) -> #VALUE! | IM13: =LN(2)/IL13 -> #VALUE! | IN13: =(IM13*DATA!$B$3)/(DATA!$B$3+'Inputs-new'!IM13) -> #VALUE! | IO13: =IK13 -> #VALUE! | IP13: =IO13/I13 -> #VALUE! | IQ13: =IN13/LN(2) -> #VALUE! | IR13: =IQ13*IP13/1000 -> #VALUE! | IS13: =110.01*(GY13^0.0275) -> #VALUE! | IT13: =IS13*IR13 -> #VALUE! | IU13: =IT13/1000 -> #VALUE! | IV13: =(80/IU13)/1000 -> #VALUE!
A14: 13 | C14: F | E14: 171 | F14: 65 | G14: =IF(C14 = "M", 65.76+(1.452*(E14-152)), 62.34+(1.247*(E14-152))) -> 86.033 | H14: 52.12 | I14: =Z14*EXP(DATA!$B$4*Y14) -> 42.77367 | J14: =AA14*EXP(DATA!$B$5*'Inputs-new'!Y14) -> 42.77367 | L14: 45054.624 | M14: 45057.325 | N14: 7.26 | O14: 45057.64 | P14: 200 | Q14: 184101.42 | S14: =N14/P14 -> 0.0363 | T14: =Q14*EXP((O14-M14)*24*DATA!$B$4) -> 193960.11 | U14: =T14/S14 -> 5343253.6 | V14: 45054.706 | W14: 164.1 | X14: 257108.57 | Y14: =IF(V14="","",(V14-$L14)*24) -> 1.9833333 | Z14: =IF(W14 = "", "", W14*X14/1000000) -> 42.191516 | AA14: =IF(Z14 = "", "", Z14*EXP(Y14*DATA!$B$4)*EXP(-DATA!$B$5*'Inputs-new'!Y14)) -> 42.469455 | AB14: 45055.355 | AC14: 86 | AD14: 232375.45 | AE14: =IF(AB14="","",(AB14-$L14)*24) -> 17.55 | AF14: =IF(AC14 = "", "", AC14*AD14/1000000) -> 19.984289 | AG14: =IF(AF14 = "", "", AF14*EXP(AE14*DATA!$B$4)*EXP(-DATA!$B$5*'Inputs-new'!AE14)) -> 21.179774 | AH14: 45056.349 | AI14: 29.3 | AJ14: 234225.22 | AK14: =IF(AH14="","",(AH14-$L14)*24) -> 41.4 | AL14: =IF(AI14 = "", "", AI14*AJ14/1000000) -> 6.8627989 | AM14: =IF(AL14 = "", "", AL14*EXP(AK14*DATA!$B$4)*EXP(-DATA!$B$5*'Inputs-new'!AK14)) -> 7.8709 | AQ14: =IF(AN14="","",(AN14-$L14)*24) | AR14: =IF(AO14 = "", "", AO14*AP14/1000000) | AS14: =IF(AR14 = "", "", AR14*EXP(AQ14*DATA!$B$4)*EXP(-DATA!$B$5*'Inputs-new'!AQ14)) | AW14: =IF(AT14="","",(AT14-$L14)*24) | AX14: =IF(AU14 = "", "", AU14*AV14/1000000) | AY14: =IF(AX14 = "", "", AX14*EXP(AW14*DATA!$B$4)*EXP(-DATA!$B$5*'Inputs-new'!AW14)) | AZ14: 45054.691 | BA14: 45057.657 | BB14: 5797.518 | BC14: =IF(AZ14 = "", "", 24*(AZ14-$L14)) -> 1.6166667 | BD14: =IF(BB14 = "", "", BB14*EXP(DATA!$B$4*(BA14-AZ14)*24)) -> 9480.7299 | BE14: =IF(BD14 = "", "", BD14*EXP(BC14*DATA!$B$4)*EXP(-BC14*DATA!$B$5)) -> 9531.6074 | BF14: =BD14*$S14/$T14 -> 0.0017743365 | BG14: =BE14*$S14/$T14 -> 0.0017838583 | BH14: 45055.326 | BI14: 45057.663 | BJ14: 4120.098 | BK14: =IF(BH14 = "", "", 24*(BH14-$L14)) -> 16.866667 | BL14: =IF(BJ14 = "", "", BJ14*EXP(DATA!$B$4*(BI14-BH14)*24)) -> 6070.1116 | BM14: =IF(BL14 = "", "", BL14*EXP(BK14*DATA!$B$4)*EXP(-BK14*DATA!$B$5)) -> 6418.6964 | BN14: =BL14*$S14/$T14 -> 0.0011360329 | BO14: =BM14*($S14/$T14) -> 0.0012012712 | BP14: 45056.337 | BQ14: 45057.669 | BR14: 1331.038 | BS14: =IF(BP14 = "", "", 24*(BP14-$L14)) -> 41.116667 | BT14: =IF(BR14 = "", "", BR14*EXP(DATA!$B$4*(BQ14-BP14)*24)) -> 1660.209 | BU14: =IF(BT14 = "", "", BT14*EXP(BS14*DATA!$B$4)*EXP(-BS14*DATA!$B$5)) -> 1902.2979 | BV14: =BT14*$S14/$T14 -> 0.00031071125 | BW14: =BU14*$S14/$T14 -> 0.00035601864 | CA14: =IF(BX14 = "", "", 24*(BX14-$L14)) | CB14: =IF(BZ14 = "", "", BZ14*EXP(DATA!$B$4*(BY14-BX14)*24)) | CC14: =IF(CB14 = "", "", CB14*EXP(CA14*DATA!$B$4)*EXP(-CA14*DATA!$B$5)) | CD14: =CB14*$S14/$T14 -> #VALUE! | CE14: =CC14*($S14/$T14) -> #VALUE! | CI14: =IF(CF14 = "", "", 24*(CF14-$L14)) | CJ14: =IF(CH14 = "", "", CH14*EXP(DATA!$B$4*(CG14-CF14)*24)) | CK14: =IF(CJ14 = "", "", CJ14*EXP(CI14*DATA!$B$4)*EXP(-CI14*DATA!$B$5)) | CL14: =CJ14*$S14/$T14 -> #VALUE! | CM14: =CK14*($S14/$T14) -> #VALUE! | CN14: =AA14 -> 42.469455 | CO14: =AG14 -> 21.179774 | CP14: =AM14 -> 7.8709 | CQ14: =AS14 | CR14: =AY14 | CS14: =Y14 -> 1.9833333 | CT14: =AE14 -> 17.55 | CU14: =AK14 -> 41.4 | CV14: =AQ14 | CW14: =AW14 | CX14: {=LOGEST(CN14:CP14,CS14:CU14,TRUE,TRUE)} -> 0.95823837 | CY14: 45.670258 | CZ14: 0 | DA14: 2 | DB14: 4 | DC14: 10 | DD14: 18 | DE14: 24 | DF14: 26 | DG14: 34 | DH14: 42 | DI14: 48 | DJ14: 50 | DK14: 58 | DL14: 66 | DM14: 74 | DN14: =($CY14*$CX14^CZ14)/$J14 -> 1.067719 | DO14: =($CY14*$CX14^DA14)/$J14 -> 0.98040172 | DP14: =($CY14*$CX14^DB14)/$J14 -> 0.90022522 | DQ14: =($CY14*$CX14^DC14)/$J14 -> 0.69693537 | DR14: =($CY14*$CX14^DD14)/$J14 -> 0.49542846 | DS14: =($CY14*$CX14^DE14)/$J14 -> 0.38355026 | DT14: =($CY14*$CX14^DF14)/$J14 -> 0.35218382 | DU14: =($CY14*$CX14^DG14)/$J14 -> 0.25035591 | ... EA14: =($CY14*$CX14^DM14)/$J14 -> 0.045446461 | EB14: {=LOGEST(DN14:EA14,CZ14:DM14,TRUE,TRUE)} -> 0.95823837 | EC14: 1.067719 | ED14: =-LN(DW14/DN14)/DI14 -> 0.042658715 | EE14: =LN(2)/ED14 -> 16.248665 | EF14: =(EC14*EE14)/LN(2) -> 25.029328 | EG14: =BG14 -> 0.0017838583 | EH14: =BO14 -> 0.0012012712 | EI14: =BW14 -> 0.00035601864 | EJ14: =CE14 -> #VALUE! | EK14: =CM14 -> #VALUE! | EL14: =BC14 -> 1.6166667 | EM14: =BK14 -> 16.866667 | EN14: =BS14 -> 41.116667 | EO14: =CA14 | EP14: =CI14 | EQ14: {=LOGEST(EG14:EI14, EL14:EN14, TRUE, TRUE)} -> 0.95919967 | ER14: 0.0020904134 | ES14: 0 | ET14: 2 | EU14: 4 | EV14: 10 | EW14: 18 | EX14: 24 | EY14: 26 | EZ14: 34 | FA14: 42 | FB14: 48 | FC14: 50 | FD14: 58 | FE14: 66 | FF14: 72 | FG14: 78 | FH14: 84 | FI14: 90 | FJ14: 96 | FK14: =($ER14*$EQ14^ES14)/$I14 -> 4.88715e-05 | FL14: =($ER14*$EQ14^ET14)/$I14 -> 4.4964908e-05 | FM14: =($ER14*$EQ14^EU14)/$I14 -> 4.1370593e-05 | FN14: =($ER14*$EQ14^EV14)/$I14 -> 3.2221508e-05 | FO14: =($ER14*$EQ14^EW14)/$I14 -> 2.3089686e-05 | FP14: =($ER14*$EQ14^EX14)/$I14 -> 1.7983414e-05 | FQ14: =($ER14*$EQ14^EY14)/$I14 -> 1.6545892e-05 | FR14: =($ER14*$EQ14^EZ14)/$I14 -> 1.1856659e-05 | ... GB14: =($ER14*$EQ14^FJ14)/$I14 -> 8.96028e-07 | GC14: {=LOGEST(FK14:GB14, ES14:FJ14, TRUE, TRUE)} -> 0.95919967 | GD14: 4.88715e-05 | GE14: =-LN(FT14/FK14)/FB14 -> 0.041656021 | GF14: =LN(2)/GE14 -> 16.639784 | GG14: =(GF14*DATA!$B$3)/(DATA!$B$3+GF14) -> 15.316536 | GH14: =(GG14*GD14)/LN(2) -> 0.001079918 | GI14: =DATA!$B$6/DW14 -> 21.483453 | GK14: =IF(G14<F14, 0.0188*(G14^(-2/3)), 0.0188*F14^(-2/3)) -> 0.0011629176 | GL14: =GK14*EF14 + GH14*DATA!$B$8 -> 0.14573819 | GM14: =DATA!$B$7/GL14 -> 13.723239 | GO14: =GI14 -> 21.483453 | GP14: =ROUNDDOWN(GO14*27.027,0) -> 580 | GQ14: =GM14 -> 13.723239 | GR14: =ROUNDDOWN(GQ14 * 27.027,0) -> 370 | GV14: =V14 -> 45054.706 | GW14: =Y14 -> 1.9833333 | GY14: =IF(GX14 = "", "", 0.001 * 4/3 *3.14159265*(GX14/2)^3) | GZ14: =IF(GS14="","",((GS14-GU14)*GT14/GY14)) | HD14: =AB14 -> 45055.355 | HE14: =AE14 -> 17.55 | HI14: =AH14 -> 45056.349 | HJ14: =AK14 -> 41.4 | HN14: =AN14 -> 0 | HO14: =AQ14 | HS14: =AT14 -> 0 | HT14: =AW14 | HU14: =GW14 -> 1.9833333 | HV14: =HE14 -> 17.55 | HW14: =HJ14 -> 41.4 | HX14: =HO14 | HY14: =HT14 | HZ14: =(GS14-GU14)*GT14/GY14 -> #VALUE! | IA14: =(HA14-HC14)*HB14/GY14 -> #VALUE! | IB14: =(HF14-HH14)*HG14/GY14 -> #VALUE! | IC14: =(HK14-HM14)*HL14/$GY14 -> #VALUE! | ID14: =(HP14-HR14)*HQ14/$GY14 -> #VALUE! | IE14: =HZ14*EXP(DATA!$B$4*'Inputs-new'!HU14) -> #VALUE! | IF14: =IA14*EXP(DATA!$B$4*'Inputs-new'!HV14) -> #VALUE! | IG14: =IB14*EXP(DATA!$B$4*'Inputs-new'!HW14) -> #VALUE! | IH14: =IC14*EXP(DATA!$B$4*'Inputs-new'!HX14) -> #VALUE! | II14: =ID14*EXP(DATA!$B$4*'Inputs-new'!HY14) -> #VALUE! | IJ14: {=LOGEST(IF14:IH14, HV14:HX14, TRUE, FALSE)} -> #VALUE! | IK14: #VALUE! | IL14: =IF(IK14="","",-LN(IJ14)) -> #VALUE! | IM14: =LN(2)/IL14 -> #VALUE! | IN14: =(IM14*DATA!$B$3)/(DATA!$B$3+'Inputs-new'!IM14) -> #VALUE! | IO14: =IK14 -> #VALUE! | IP14: =IO14/I14 -> #VALUE! | IQ14: =IN14/LN(2) -> #VALUE! | IR14: =IQ14*IP14/1000 -> #VALUE! | IS14: =110.01*(GY14^0.0275) -> #VALUE! | IT14: =IS14*IR14 -> #VALUE! | IU14: =IT14/1000 -> #VALUE! | IV14: =(80/IU14)/1000 -> #VALUE!
A15: 14 | C15: F | E15: 171 | F15: 65 | G15: =IF(C15 = "M", 65.76+(1.452*(E15-152)), 62.34+(1.247*(E15-152))) -> 86.033 | H15: 41.38 | I15: =Z15*EXP(DATA!$B$4*Y15) -> 42.79982 | J15: =AA15*EXP(DATA!$B$5*'Inputs-new'!Y15) -> 42.79982 | L15: 45054.624 | M15: 45057.325 | N15: 7.26 | O15: 45057.64 | P15: 200 | Q15: 184101.42 | S15: =N15/P15 -> 0.0363 | T15: =Q15*EXP((O15-M15)*24*DATA!$B$4) -> 193960.11 | U15: =T15/S15 -> 5343253.6 | V15: 45054.706 | W15: 158.9 | X15: 265684.77 | Y15: =IF(V15="","",(V15-$L15)*24) -> 1.9833333 | Z15: =IF(W15 = "", "", W15*X15/1000000) -> 42.21731 | AA15: =IF(Z15 = "", "", Z15*EXP(Y15*DATA!$B$4)*EXP(-DATA!$B$5*'Inputs-new'!Y15)) -> 42.495418 | AB15: 45055.355 | AC15: 89.5 | AD15: 223435.23 | AE15: =IF(AB15="","",(AB15-$L15)*24) -> 17.55 | AF15: =IF(AC15 = "", "", AC15*AD15/1000000) -> 19.997453 | AG15: =IF(AF15 = "", "", AF15*EXP(AE15*DATA!$B$4)*EXP(-DATA!$B$5*'Inputs-new'!AE15)) -> 21.193726 | AH15: 45056.349 | AI15: 29.1 | AJ15: 235485.29 | AK15: =IF(AH15="","",(AH15-$L15)*24) -> 41.4 | AL15: =IF(AI15 = "", "", AI15*AJ15/1000000) -> 6.8526219 | AM15: =IF(AL15 = "", "", AL15*EXP(AK15*DATA!$B$4)*EXP(-DATA!$B$5*'Inputs-new'!AK15)) -> 7.859228 | AQ15: =IF(AN15="","",(AN15-$L15)*24) | AR15: =IF(AO15 = "", "", AO15*AP15/1000000) | AS15: =IF(AR15 = "", "", AR15*EXP(AQ15*DATA!$B$4)*EXP(-DATA!$B$5*'Inputs-new'!AQ15)) | AW15: =IF(AT15="","",(AT15-$L15)*24) | AX15: =IF(AU15 = "", "", AU15*AV15/1000000) | AY15: =IF(AX15 = "", "", AX15*EXP(AW15*DATA!$B$4)*EXP(-DATA!$B$5*'Inputs-new'!AW15)) | AZ15: 45054.691 | BA15: 45057.657 | BB15: 5797.518 | BC15: =IF(AZ15 = "", "", 24*(AZ15-$L15)) -> 1.6166667 | BD15: =IF(BB15 = "", "", BB15*EXP(DATA!$B$4*(BA15-AZ15)*24)) -> 9480.7299 | BE15: =IF(BD15 = "", "", BD15*EXP(BC15*DATA!$B$4)*EXP(-BC15*DATA!$B$5)) -> 9531.6074 | BF15: =BD15*$S15/$T15 -> 0.0017743365 | BG15: =BE15*$S15/$T15 -> 0.0017838583 | BH15: 45055.326 | BI15: 45057.663 | BJ15: 4120.098 | BK15: =IF(BH15 = "", "", 24*(BH15-$L15)) -> 16.866667 | BL15: =IF(BJ15 = "", "", BJ15*EXP(DATA!$B$4*(BI15-BH15)*24)) -> 6070.1116 | BM15: =IF(BL15 = "", "", BL15*EXP(BK15*DATA!$B$4)*EXP(-BK15*DATA!$B$5)) -> 6418.6964 | BN15: =BL15*$S15/$T15 -> 0.0011360329 | BO15: =BM15*($S15/$T15) -> 0.0012012712 | BP15: 45056.337 | BQ15: 45057.669 | BR15: 1331.038 | BS15: =IF(BP15 = "", "", 24*(BP15-$L15)) -> 41.116667 | BT15: =IF(BR15 = "", "", BR15*EXP(DATA!$B$4*(BQ15-BP15)*24)) -> 1660.209 | BU15: =IF(BT15 = "", "", BT15*EXP(BS15*DATA!$B$4)*EXP(-BS15*DATA!$B$5)) -> 1902.2979 | BV15: =BT15*$S15/$T15 -> 0.00031071125 | BW15: =BU15*$S15/$T15 -> 0.00035601864 | CA15: =IF(BX15 = "", "", 24*(BX15-$L15)) | CB15: =IF(BZ15 = "", "", BZ15*EXP(DATA!$B$4*(BY15-BX15)*24)) | CC15: =IF(CB15 = "", "", CB15*EXP(CA15*DATA!$B$4)*EXP(-CA15*DATA!$B$5)) | CD15: =CB15*$S15/$T15 -> #VALUE! | CE15: =CC15*($S15/$T15) -> #VALUE! | CI15: =IF(CF15 = "", "", 24*(CF15-$L15)) | CJ15: =IF(CH15 = "", "", CH15*EXP(DATA!$B$4*(CG15-CF15)*24)) | CK15: =IF(CJ15 = "", "", CJ15*EXP(CI15*DATA!$B$4)*EXP(-CI15*DATA!$B$5)) | CL15: =CJ15*$S15/$T15 -> #VALUE! | CM15: =CK15*($S15/$T15) -> #VALUE! | CN15: =AA15 -> 42.495418 | CO15: =AG15 -> 21.193726 | CP15: =AM15 -> 7.859228 | CQ15: =AS15 | CR15: =AY15 | CS15: =Y15 -> 1.9833333 | CT15: =AE15 -> 17.55 | CU15: =AK15 -> 41.4 | CV15: =AQ15 | CW15: =AW15 | CX15: {=LOGEST(CN15:CP15,CS15:CU15,TRUE,TRUE)} -> 0.9581845 | CY15: 45.719171 | CZ15: 0 | DA15: 2 | DB15: 4 | DC15: 10 | DD15: 18 | DE15: 24 | DF15: 26 | DG15: 34 | DH15: 42 | DI15: 48 | DJ15: 50 | DK15: 58 | DL15: 66 | DM15: 74 | DN15: =($CY15*$CX15^CZ15)/$J15 -> 1.0682094 | DO15: =($CY15*$CX15^DA15)/$J15 -> 0.9807418 | DP15: =($CY15*$CX15^DB15)/$J15 -> 0.90043624 | DQ15: =($CY15*$CX15^DC15)/$J15 -> 0.69686364 | DR15: =($CY15*$CX15^DD15)/$J15 -> 0.49515472 | DS15: =($CY15*$CX15^DE15)/$J15 -> 0.38320906 | DT15: =($CY15*$CX15^DF15)/$J15 -> 0.35183096 | DU15: =($CY15*$CX15^DG15)/$J15 -> 0.24999261 | ... EA15: =($CY15*$CX15^DM15)/$J15 -> 0.045278577 | EB15: {=LOGEST(DN15:EA15,CZ15:DM15,TRUE,TRUE)} -> 0.9581845 | EC15: 1.0682094 | ED15: =-LN(DW15/DN15)/DI15 -> 0.042714934 | EE15: =LN(2)/ED15 -> 16.22728 | EF15: =(EC15*EE15)/LN(2) -> 25.007868 | EG15: =BG15 -> 0.0017838583 | EH15: =BO15 -> 0.0012012712 | EI15: =BW15 -> 0.00035601864 | EJ15: =CE15 -> #VALUE! | EK15: =CM15 -> #VALUE! | EL15: =BC15 -> 1.6166667 | EM15: =BK15 -> 16.866667 | EN15: =BS15 -> 41.116667 | EO15: =CA15 | EP15: =CI15 | EQ15: {=LOGEST(EG15:EI15, EL15:EN15, TRUE, TRUE)} -> 0.95919967 | ER15: 0.0020904134 | ES15: 0 | ET15: 2 | EU15: 4 | EV15: 10 | EW15: 18 | EX15: 24 | EY15: 26 | EZ15: 34 | FA15: 42 | FB15: 48 | FC15: 50 | FD15: 58 | FE15: 66 | FF15: 72 | FG15: 78 | FH15: 84 | FI15: 90 | FJ15: 96 | FK15: =($ER15*$EQ15^ES15)/$I15 -> 4.8841641e-05 | FL15: =($ER15*$EQ15^ET15)/$I15 -> 4.4937435e-05 | FM15: =($ER15*$EQ15^EU15)/$I15 -> 4.1345317e-05 | FN15: =($ER15*$EQ15^EV15)/$I15 -> 3.2201822e-05 | FO15: =($ER15*$EQ15^EW15)/$I15 -> 2.3075579e-05 | FP15: =($ER15*$EQ15^EX15)/$I15 -> 1.7972427e-05 | FQ15: =($ER15*$EQ15^EY15)/$I15 -> 1.6535783e-05 | FR15: =($ER15*$EQ15^EZ15)/$I15 -> 1.1849415e-05 | ... GB15: =($ER15*$EQ15^FJ15)/$I15 -> 8.9548055e-07 | GC15: {=LOGEST(FK15:GB15, ES15:FJ15, TRUE, TRUE)} -> 0.95919967 | GD15: 4.8841641e-05 | GE15: =-LN(FT15/FK15)/FB15 -> 0.041656021 | GF15: =LN(2)/GE15 -> 16.639784 | GG15: =(GF15*DATA!$B$3)/(DATA!$B$3+GF15) -> 15.316536 | GH15: =(GG15*GD15)/LN(2) -> 0.0010792582 | GI15: =DATA!$B$6/DW15 -> 21.531614 | GK15: =IF(G15<F15, 0.0188*(G15^(-2/3)), 0.0188*F15^(-2/3)) -> 0.0011629176 | GL15: =GK15*EF15 + GH15*DATA!$B$8 -> 0.14564197 | GM15: =DATA!$B$7/GL15 -> 13.732305 | GO15: =GI15 -> 21.531614 | GP15: =ROUNDDOWN(GO15*27.027,0) -> 581 | GQ15: =GM15 -> 13.732305 | GR15: =ROUNDDOWN(GQ15 * 27.027,0) -> 371 | GV15: =V15 -> 45054.706 | GW15: =Y15 -> 1.9833333 | GY15: =IF(GX15 = "", "", 0.001 * 4/3 *3.14159265*(GX15/2)^3) | GZ15: =IF(GS15="","",((GS15-GU15)*GT15/GY15)) | HD15: =AB15 -> 45055.355 | HE15: =AE15 -> 17.55 | HI15: =AH15 -> 45056.349 | HJ15: =AK15 -> 41.4 | HN15: =AN15 -> 0 | HO15: =AQ15 | HS15: =AT15 -> 0 | HT15: =AW15 | HU15: =GW15 -> 1.9833333 | HV15: =HE15 -> 17.55 | HW15: =HJ15 -> 41.4 | HX15: =HO15 | HY15: =HT15 | HZ15: =(GS15-GU15)*GT15/GY15 -> #VALUE! | IA15: =(HA15-HC15)*HB15/GY15 -> #VALUE! | IB15: =(HF15-HH15)*HG15/GY15 -> #VALUE! | IC15: =(HK15-HM15)*HL15/$GY15 -> #VALUE! | ID15: =(HP15-HR15)*HQ15/$GY15 -> #VALUE! | IE15: =HZ15*EXP(DATA!$B$4*'Inputs-new'!HU15) -> #VALUE! | IF15: =IA15*EXP(DATA!$B$4*'Inputs-new'!HV15) -> #VALUE! | IG15: =IB15*EXP(DATA!$B$4*'Inputs-new'!HW15) -> #VALUE! | IH15: =IC15*EXP(DATA!$B$4*'Inputs-new'!HX15) -> #VALUE! | II15: =ID15*EXP(DATA!$B$4*'Inputs-new'!HY15) -> #VALUE! | IJ15: {=LOGEST(IF15:IH15, HV15:HX15, TRUE, FALSE)} -> #VALUE! | IK15: #VALUE! | IL15: =IF(IK15="","",-LN(IJ15)) -> #VALUE! | IM15: =LN(2)/IL15 -> #VALUE! | IN15: =(IM15*DATA!$B$3)/(DATA!$B$3+'Inputs-new'!IM15) -> #VALUE! | IO15: =IK15 -> #VALUE! | IP15: =IO15/I15 -> #VALUE! | IQ15: =IN15/LN(2) -> #VALUE! | IR15: =IQ15*IP15/1000 -> #VALUE! | IS15: =110.01*(GY15^0.0275) -> #VALUE! | IT15: =IS15*IR15 -> #VALUE! | IU15: =IT15/1000 -> #VALUE! | IV15: =(80/IU15)/1000 -> #VALUE!
A16: 15 | C16: F | E16: 159 | F16: 75.5 | G16: =IF(C16 = "M", 65.76+(1.452*(E16-152)), 62.34+(1.247*(E16-152))) -> 71.069 | H16: 62.14 | I16: =Z16*EXP(DATA!$B$4*Y16) -> 60.702394 | J16: =AA16*EXP(DATA!$B$5*'Inputs-new'!Y16) -> 60.702394 | L16: 45264.615 | M16: 45265.433 | N16: 9.63 | O16: 45267.424 | P16: 200 | Q16: 306837.78 | S16: =N16/P16 -> 0.04815 | T16: =Q16*EXP((O16-M16)*24*DATA!$B$4) -> 426866.6 | U16: =T16/S16 -> 8865349.9 | V16: 45264.692 | W16: 289.3 | X16: 207183.95 | Y16: =IF(V16="","",(V16-$L16)*24) -> 1.8333333 | Z16: =IF(W16 = "", "", W16*X16/1000000) -> 59.938317 | AA16: =IF(Z16 = "", "", Z16*EXP(Y16*DATA!$B$4)*EXP(-DATA!$B$5*'Inputs-new'!Y16)) -> 60.30321 | AB16: 45265.326 | AC16: 132.9 | AD16: 220879.81 | AE16: =IF(AB16="","",(AB16-$L16)*24) -> 17.066667 | AF16: =IF(AC16 = "", "", AC16*AD16/1000000) -> 29.354927 | AG16: =IF(AF16 = "", "", AF16*EXP(AE16*DATA!$B$4)*EXP(-DATA!$B$5*'Inputs-new'!AE16)) -> 31.061234 | AH16: 45266.347 | AI16: 83.1 | AJ16: 197904.34 | AK16: =IF(AH16="","",(AH16-$L16)*24) -> 41.55 | AL16: =IF(AI16 = "", "", AI16*AJ16/1000000) -> 16.445851 | AM16: =IF(AL16 = "", "", AL16*EXP(AK16*DATA!$B$4)*EXP(-DATA!$B$5*'Inputs-new'!AK16)) -> 18.871009 | AN16: 45267.353 | AO16: 55.5 | AP16: 187894.05 | AQ16: =IF(AN16="","",(AN16-$L16)*24) -> 65.7 | AR16: =IF(AO16 = "", "", AO16*AP16/1000000) -> 10.42812 | AS16: =IF(AR16 = "", "", AR16*EXP(AQ16*DATA!$B$4)*EXP(-DATA!$B$5*'Inputs-new'!AQ16)) -> 12.961839 | AW16: =IF(AT16="","",(AT16-$L16)*24) | AX16: =IF(AU16 = "", "", AU16*AV16/1000000) | AY16: =IF(AX16 = "", "", AX16*EXP(AW16*DATA!$B$4)*EXP(-DATA!$B$5*'Inputs-new'!AW16)) | AZ16: 45264.677 | BA16: 45267.368 | BB16: 21910.835 | BC16: =IF(AZ16 = "", "", 24*(AZ16-$L16)) -> 1.4833333 | BD16: =IF(BB16 = "", "", BB16*EXP(DATA!$B$4*(BA16-AZ16)*24)) -> 34233.712 | BE16: =IF(BD16 = "", "", BD16*EXP(BC16*DATA!$B$4)*EXP(-BC16*DATA!$B$5)) -> 34402.235 | BF16: =BD16*$S16/$T16 -> 0.0038615184 | BG16: =BE16*$S16/$T16 -> 0.0038805276 | BH16: 45265.311 | BI16: 45267.382 | BJ16: 8969.5 | BK16: =IF(BH16 = "", "", 24*(BH16-$L16)) -> 16.7 | BL16: =IF(BJ16 = "", "", BJ16*EXP(DATA!$B$4*(BI16-BH16)*24)) -> 12644.536 | BM16: =IF(BL16 = "", "", BL16*EXP(BK16*DATA!$B$4)*EXP(-BK16*DATA!$B$5)) -> 13363.292 | BN16: =BL16*$S16/$T16 -> 0.0014262874 | BO16: =BM16*($S16/$T16) -> 0.001507362 | BP16: 45266.354 | BQ16: 45267.396 | BR16: 6252.4625 | BS16: =IF(BP16 = "", "", 24*(BP16-$L16)) -> 41.733333 | BT16: =IF(BR16 = "", "", BR16*EXP(DATA!$B$4*(BQ16-BP16)*24)) -> 7431.3641 | BU16: =IF(BT16 = "", "", BT16*EXP(BS16*DATA!$B$4)*EXP(-BS16*DATA!$B$5)) -> 8532.3941 | BV16: =BT16*$S16/$T16 -> 0.00083824826 | BW16: =BU16*$S16/$T16 -> 0.00096244302 | BX16: 45267.315 | BY16: 45267.41 | BZ16: 5409.22 | CA16: =IF(BX16 = "", "", 24*(BX16-$L16)) -> 64.783333 | CB16: =IF(BZ16 = "", "", BZ16*EXP(DATA!$B$4*(BY16-BX16)*24)) -> 5495.2346 | CC16: =IF(CB16 = "", "", CB16*EXP(CA16*DATA!$B$4)*EXP(-CA16*DATA!$B$5)) -> 6809.7143 | CD16: =CB16*$S16/$T16 -> 0.00061985536 | CE16: =CC16*($S16/$T16) -> 0.00076812697 | CI16: =IF(CF16 = "", "", 24*(CF16-$L16)) | CJ16: =IF(CH16 = "", "", CH16*EXP(DATA!$B$4*(CG16-CF16)*24)) | CK16: =IF(CJ16 = "", "", CJ16*EXP(CI16*DATA!$B$4)*EXP(-CI16*DATA!$B$5)) | CL16: =CJ16*$S16/$T16 -> #VALUE! | CM16: =CK16*($S16/$T16) -> #VALUE! | CN16: =AA16 -> 60.30321 | CO16: =AG16 -> 31.061234 | CP16: =AM16 -> 18.871009 | CQ16: =AS16 -> 12.961839 | CR16: =AY16 | CS16: =Y16 -> 1.8333333 | CT16: =AE16 -> 17.066667 | CU16: =AK16 -> 41.55 | CV16: =AQ16 -> 65.7 | CW16: =AW16 | CX16: {=LOGEST(CN16:CP16,CS16:CU16,TRUE,TRUE)} -> 0.9719852 | CY16: 58.180317 | CZ16: 0 | DA16: 2 | DB16: 4 | DC16: 10 | DD16: 18 | DE16: 24 | DF16: 26 | DG16: 34 | DH16: 42 | DI16: 48 | DJ16: 50 | DK16: 58 | DL16: 66 | DM16: 74 | DN16: =($CY16*$CX16^CZ16)/$J16 -> 0.95845176 | DO16: =($CY16*$CX16^DA16)/$J16 -> 0.90550232 | DP16: =($CY16*$CX16^DB16)/$J16 -> 0.85547805 | DQ16: =($CY16*$CX16^DC16)/$J16 -> 0.72138447 | DR16: =($CY16*$CX16^DD16)/$J16 -> 0.57470372 | DS16: =($CY16*$CX16^DE16)/$J16 -> 0.48462066 | DT16: =($CY16*$CX16^DF16)/$J16 -> 0.45784791 | DU16: =($CY16*$CX16^DG16)/$J16 -> 0.36475265 | ... EA16: =($CY16*$CX16^DM16)/$J16 -> 0.11705355 | EB16: {=LOGEST(DN16:EA16,CZ16:DM16,TRUE,TRUE)} -> 0.9719852 | EC16: 0.95845176 | ED16: =-LN(DW16/DN16)/DI16 -> 0.028414699 | EE16: =LN(2)/ED16 -> 24.393965 | EF16: =(EC16*EE16)/LN(2) -> 33.730843 | EG16: =BG16 -> 0.0038805276 | EH16: =BO16 -> 0.001507362 | EI16: =BW16 -> 0.00096244302 | EJ16: =CE16 -> 0.00076812697 | EK16: =CM16 -> #VALUE! | EL16: =BC16 -> 1.4833333 | EM16: =BK16 -> 16.7 | EN16: =BS16 -> 41.733333 | EO16: =CA16 -> 64.783333 | EP16: =CI16 | EQ16: {=LOGEST(EG16:EI16, EL16:EN16, TRUE, TRUE)} -> 0.96755593 | ER16: 0.0034374915 | ES16: 0 | ET16: 2 | EU16: 4 | EV16: 10 | EW16: 18 | EX16: 24 | EY16: 26 | EZ16: 34 | FA16: 42 | FB16: 48 | FC16: 50 | FD16: 58 | FE16: 66 | FF16: 72 | FG16: 78 | FH16: 84 | FI16: 90 | FJ16: 96 | FK16: =($ER16*$EQ16^ES16)/$I16 -> 5.6628599e-05 | FL16: =($ER16*$EQ16^ET16)/$I16 -> 5.3013683e-05 | FM16: =($ER16*$EQ16^EU16)/$I16 -> 4.9629527e-05 | FN16: =($ER16*$EQ16^EV16)/$I16 -> 4.0718954e-05 | FO16: =($ER16*$EQ16^EW16)/$I16 -> 3.1275572e-05 | FP16: =($ER16*$EQ16^EX16)/$I16 -> 2.56603e-05 | FQ16: =($ER16*$EQ16^EY16)/$I16 -> 2.4022262e-05 | FR16: =($ER16*$EQ16^EZ16)/$I16 -> 1.8451112e-05 | ... GB16: =($ER16*$EQ16^FJ16)/$I16 -> 2.3874786e-06 | GC16: {=LOGEST(FK16:GB16, ES16:FJ16, TRUE, TRUE)} -> 0.96755593 | GD16: 5.6628599e-05 | GE16: =-LN(FT16/FK16)/FB16 -> 0.032982045 | GF16: =LN(2)/GE16 -> 21.015895 | GG16: =(GF16*DATA!$B$3)/(DATA!$B$3+GF16) -> 18.948362 | GH16: =(GG16*GD16)/LN(2) -> 0.0015480394 | GI16: =DATA!$B$6/DW16 -> 12.079755 | GK16: =IF(G16<F16, 0.0188*(G16^(-2/3)), 0.0188*F16^(-2/3)) -> 0.0010957321 | GL16: =GK16*EF16 + GH16*DATA!$B$8 -> 0.20414823 | GM16: =DATA!$B$7/GL16 -> 9.7968032 | GO16: =GI16 -> 12.079755 | GP16: =ROUNDDOWN(GO16*27.027,0) -> 326 | GQ16: =GM16 -> 9.7968032 | GR16: =ROUNDDOWN(GQ16 * 27.027,0) -> 264 | GV16: =V16 -> 45264.692 | GW16: =Y16 -> 1.8333333 | GY16: =IF(GX16 = "", "", 0.001 * 4/3 *3.14159265*(GX16/2)^3) | GZ16: =IF(GS16="","",((GS16-GU16)*GT16/GY16)) | HD16: =AB16 -> 45265.326 | HE16: =AE16 -> 17.066667 | HI16: =AH16 -> 45266.347 | HJ16: =AK16 -> 41.55 | HN16: =AN16 -> 45267.353 | HO16: =AQ16 -> 65.7 | HS16: =AT16 -> 0 | HT16: =AW16 | HU16: =GW16 -> 1.8333333 | HV16: =HE16 -> 17.066667 | HW16: =HJ16 -> 41.55 | HX16: =HO16 -> 65.7 | HY16: =HT16 | HZ16: =(GS16-GU16)*GT16/GY16 -> #VALUE! | IA16: =(HA16-HC16)*HB16/GY16 -> #VALUE! | IB16: =(HF16-HH16)*HG16/GY16 -> #VALUE! | IC16: =(HK16-HM16)*HL16/$GY16 -> #VALUE! | ID16: =(HP16-HR16)*HQ16/$GY16 -> #VALUE! | IE16: =HZ16*EXP(DATA!$B$4*'Inputs-new'!HU16) -> #VALUE! | IF16: =IA16*EXP(DATA!$B$4*'Inputs-new'!HV16) -> #VALUE! | IG16: =IB16*EXP(DATA!$B$4*'Inputs-new'!HW16) -> #VALUE! | IH16: =IC16*EXP(DATA!$B$4*'Inputs-new'!HX16) -> #VALUE! | II16: =ID16*EXP(DATA!$B$4*'Inputs-new'!HY16) -> #VALUE! | IJ16: {=LOGEST(IF16:IH16, HV16:HX16, TRUE, FALSE)} -> #VALUE! | IK16: #VALUE! | IL16: =IF(IK16="","",-LN(IJ16)) -> #VALUE! | IM16: =LN(2)/IL16 -> #VALUE! | IN16: =(IM16*DATA!$B$3)/(DATA!$B$3+'Inputs-new'!IM16) -> #VALUE! | IO16: =IK16 -> #VALUE! | IP16: =IO16/I16 -> #VALUE! | IQ16: =IN16/LN(2) -> #VALUE! | IR16: =IQ16*IP16/1000 -> #VALUE! | IS16: =110.01*(GY16^0.0275) -> #VALUE! | IT16: =IS16*IR16 -> #VALUE! | IU16: =IT16/1000 -> #VALUE! | IV16: =(80/IU16)/1000 -> #VALUE!
A17: 16 | C17: F | E17: 160 | F17: 61.6 | G17: =IF(C17 = "M", 65.76+(1.452*(E17-152)), 62.34+(1.247*(E17-152))) -> 72.316 | H17: 60.36 | I17: =Z17*EXP(DATA!$B$4*Y17) -> 40.773629 | J17: =AA17*EXP(DATA!$B$5*'Inputs-new'!Y17) -> 40.773629 | L17: 45313.608 | M17: 45313.594 | N17: 4.46 | O17: 45316.597 | P17: 200 | Q17: 42717.35 | S17: =N17/P17 -> 0.0223 | T17: =Q17*EXP((O17-M17)*24*DATA!$B$4) -> 70283.695 | U17: =T17/S17 -> 3151735.2 | V17: 45313.685 | W17: 261.7 | X17: 153824.09 | Y17: =IF(V17="","",(V17-$L17)*24) -> 1.85 | Z17: =IF(W17 = "", "", W17*X17/1000000) -> 40.255764 | AA17: =IF(Z17 = "", "", Z17*EXP(Y17*DATA!$B$4)*EXP(-DATA!$B$5*'Inputs-new'!Y17)) -> 40.503069 | AB17: 45314.301 | AC17: 125.1 | AD17: 162736.52 | AE17: =IF(AB17="","",(AB17-$L17)*24) -> 16.65 | AF17: =IF(AC17 = "", "", AC17*AD17/1000000) -> 20.358339 | AG17: =IF(AF17 = "", "", AF17*EXP(AE17*DATA!$B$4)*EXP(-DATA!$B$5*'Inputs-new'!AE17)) -> 21.512009 | AH17: 45315.308 | AI17: 41 | AJ17: 154283.01 | AK17: =IF(AH17="","",(AH17-$L17)*24) -> 40.816667 | AL17: =IF(AI17 = "", "", AI17*AJ17/1000000) -> 6.3256034 | AM17: =IF(AL17 = "", "", AL17*EXP(AK17*DATA!$B$4)*EXP(-DATA!$B$5*'Inputs-new'!AK17)) -> 7.2407972 | AQ17: =IF(AN17="","",(AN17-$L17)*24) | AR17: =IF(AO17 = "", "", AO17*AP17/1000000) | AS17: =IF(AR17 = "", "", AR17*EXP(AQ17*DATA!$B$4)*EXP(-DATA!$B$5*'Inputs-new'!AQ17)) | AW17: =IF(AT17="","",(AT17-$L17)*24) | AX17: =IF(AU17 = "", "", AU17*AV17/1000000) | AY17: =IF(AX17 = "", "", AX17*EXP(AW17*DATA!$B$4)*EXP(-DATA!$B$5*'Inputs-new'!AW17)) | AZ17: 45313.672 | BA17: 45316.617 | BB17: 8284.7 | BC17: =IF(AZ17 = "", "", 24*(AZ17-$L17)) -> 1.55 | BD17: =IF(BB17 = "", "", BB17*EXP(DATA!$B$4*(BA17-AZ17)*24)) -> 13501.316 | BE17: =IF(BD17 = "", "", BD17*EXP(BC17*DATA!$B$4)*EXP(-BC17*DATA!$B$5)) -> 13570.774 | BF17: =BD17*$S17/$T17 -> 0.0042837723 | BG17: =BE17*$S17/$T17 -> 0.0043058104 | BH17: 45314.354 | BI17: 45316.624 | BJ17: 4082.7325 | BK17: =IF(BH17 = "", "", 24*(BH17-$L17)) -> 17.916667 | BL17: =IF(BJ17 = "", "", BJ17*EXP(DATA!$B$4*(BI17-BH17)*24)) -> 5948.2461 | BM17: =IF(BL17 = "", "", BL17*EXP(BK17*DATA!$B$4)*EXP(-BK17*DATA!$B$5)) -> 6311.7346 | BN17: =BL17*$S17/$T17 -> 0.0018872925 | BO17: =BM17*($S17/$T17) -> 0.0020026221 | BP17: 45315.352 | BQ17: 45316.63 | BR17: 1627.735 | BS17: =IF(BP17 = "", "", 24*(BP17-$L17)) -> 41.866667 | BT17: =IF(BR17 = "", "", BR17*EXP(DATA!$B$4*(BQ17-BP17)*24)) -> 2011.894 | BU17: =IF(BT17 = "", "", BT17*EXP(BS17*DATA!$B$4)*EXP(-BS17*DATA!$B$5)) -> 2310.9959 | BV17: =BT17*$S17/$T17 -> 0.00063834488 | BW17: =BU17*$S17/$T17 -> 0.00073324557 | CA17: =IF(BX17 = "", "", 24*(BX17-$L17)) | CB17: =IF(BZ17 = "", "", BZ17*EXP(DATA!$B$4*(BY17-BX17)*24)) | CC17: =IF(CB17 = "", "", CB17*EXP(CA17*DATA!$B$4)*EXP(-CA17*DATA!$B$5)) | CD17: =CB17*$S17/$T17 -> #VALUE! | CE17: =CC17*($S17/$T17) -> #VALUE! | CI17: =IF(CF17 = "", "", 24*(CF17-$L17)) | CJ17: =IF(CH17 = "", "", CH17*EXP(DATA!$B$4*(CG17-CF17)*24)) | CK17: =IF(CJ17 = "", "", CJ17*EXP(CI17*DATA!$B$4)*EXP(-CI17*DATA!$B$5)) | CL17: =CJ17*$S17/$T17 -> #VALUE! | CM17: =CK17*($S17/$T17) -> #VALUE! | CN17: =AA17 -> 40.503069 | CO17: =AG17 -> 21.512009 | CP17: =AM17 -> 7.2407972 | CQ17: =AS17 | CR17: =AY17 | CS17: =Y17 -> 1.85 | CT17: =AE17 -> 16.65 | CU17: =AK17 -> 40.816667 | CV17: =AQ17 | CW17: =AW17 | CX17: {=LOGEST(CN17:CP17,CS17:CU17,TRUE,TRUE)} -> 0.9566977 | CY17: 44.338201 | CZ17: 0 | DA17: 2 | DB17: 4 | DC17: 10 | DD17: 18 | DE17: 24 | DF17: 26 | DG17: 34 | DH17: 42 | DI17: 48 | DJ17: 50 | DK17: 58 | DL17: 66 | DM17: 74 | DN17: =($CY17*$CX17^CZ17)/$J17 -> 1.0874235 | DO17: =($CY17*$CX17^DA17)/$J17 -> 0.99528661 | DP17: =($CY17*$CX17^DB17)/$J17 -> 0.91095646 | DQ17: =($CY17*$CX17^DC17)/$J17 -> 0.69846718 | DR17: =($CY17*$CX17^DD17)/$J17 -> 0.49016675 | DS17: =($CY17*$CX17^DE17)/$J17 -> 0.37583068 | DT17: =($CY17*$CX17^DF17)/$J17 -> 0.34398673 | DU17: =($CY17*$CX17^DG17)/$J17 -> 0.24140126 | ... EA17: =($CY17*$CX17^DM17)/$J17 -> 0.0410893 | EB17: {=LOGEST(DN17:EA17,CZ17:DM17,TRUE,TRUE)} -> 0.9566977 | EC17: 1.0874235 | ED17: =-LN(DW17/DN17)/DI17 -> 0.04426782 | EE17: =LN(2)/ED17 -> 15.658038 | EF17: =(EC17*EE17)/LN(2) -> 24.564649 | EG17: =BG17 -> 0.0043058104 | EH17: =BO17 -> 0.0020026221 | EI17: =BW17 -> 0.00073324557 | EJ17: =CE17 -> #VALUE! | EK17: =CM17 -> #VALUE! | EL17: =BC17 -> 1.55 | EM17: =BK17 -> 17.916667 | EN17: =BS17 -> 41.866667 | EO17: =CA17 | EP17: =CI17 | EQ17: {=LOGEST(EG17:EI17, EL17:EN17, TRUE, TRUE)} -> 0.95717954 | ER17: 0.0045242546 | ES17: 0 | ET17: 2 | EU17: 4 | EV17: 10 | EW17: 18 | EX17: 24 | EY17: 26 | EZ17: 34 | FA17: 42 | FB17: 48 | FC17: 50 | FD17: 58 | FE17: 66 | FF17: 72 | FG17: 78 | FH17: 84 | FI17: 90 | FJ17: 96 | FK17: =($ER17*$EQ17^ES17)/$I17 -> 0.00011096031 | FL17: =($ER17*$EQ17^ET17)/$I17 -> 0.00010166102 | FM17: =($ER17*$EQ17^EU17)/$I17 -> 9.3141085e-05 | FN17: =($ER17*$EQ17^EV17)/$I17 -> 7.1631118e-05 | FO17: =($ER17*$EQ17^EW17)/$I17 -> 5.0471822e-05 | FP17: =($ER17*$EQ17^EX17)/$I17 -> 3.8815878e-05 | FQ17: =($ER17*$EQ17^EY17)/$I17 -> 3.5562823e-05 | FR17: =($ER17*$EQ17^EZ17)/$I17 -> 2.5057831e-05 | ... GB17: =($ER17*$EQ17^FJ17)/$I17 -> 1.6616313e-06 | GC17: {=LOGEST(FK17:GB17, ES17:FJ17, TRUE, TRUE)} -> 0.95717954 | GD17: 0.00011096031 | GE17: =-LN(FT17/FK17)/FB17 -> 0.0437643 | GF17: =LN(2)/GE17 -> 15.838187 | GG17: =(GF17*DATA!$B$3)/(DATA!$B$3+GF17) -> 14.63475 | GH17: =(GG17*GD17)/LN(2) -> 0.0023427584 | GI17: =DATA!$B$6/DW17 -> 22.787987 | GK17: =IF(G17<F17, 0.0188*(G17^(-2/3)), 0.0188*F17^(-2/3)) -> 0.0012053247 | GL17: =GK17*EF17 + GH17*DATA!$B$8 -> 0.28262629 | GM17: =DATA!$B$7/GL17 -> 7.0764826 | GO17: =GI17 -> 22.787987 | GP17: =ROUNDDOWN(GO17*27.027,0) -> 615 | GQ17: =GM17 -> 7.0764826 | GR17: =ROUNDDOWN(GQ17 * 27.027,0) -> 191 | GV17: =V17 -> 45313.685 | GW17: =Y17 -> 1.85 | GY17: =IF(GX17 = "", "", 0.001 * 4/3 *3.14159265*(GX17/2)^3) | GZ17: =IF(GS17="","",((GS17-GU17)*GT17/GY17)) | HD17: =AB17 -> 45314.301 | HE17: =AE17 -> 16.65 | HI17: =AH17 -> 45315.308 | HJ17: =AK17 -> 40.816667 | HN17: =AN17 -> 0 | HO17: =AQ17 | HS17: =AT17 -> 0 | HT17: =AW17 | HU17: =GW17 -> 1.85 | HV17: =HE17 -> 16.65 | HW17: =HJ17 -> 40.816667 | HX17: =HO17 | HY17: =HT17 | HZ17: =(GS17-GU17)*GT17/GY17 -> #VALUE! | IA17: =(HA17-HC17)*HB17/GY17 -> #VALUE! | IB17: =(HF17-HH17)*HG17/GY17 -> #VALUE! | IC17: =(HK17-HM17)*HL17/$GY17 -> #VALUE! | ID17: =(HP17-HR17)*HQ17/$GY17 -> #VALUE! | IE17: =HZ17*EXP(DATA!$B$4*'Inputs-new'!HU17) -> #VALUE! | IF17: =IA17*EXP(DATA!$B$4*'Inputs-new'!HV17) -> #VALUE! | IG17: =IB17*EXP(DATA!$B$4*'Inputs-new'!HW17) -> #VALUE! | IH17: =IC17*EXP(DATA!$B$4*'Inputs-new'!HX17) -> #VALUE! | II17: =ID17*EXP(DATA!$B$4*'Inputs-new'!HY17) -> #VALUE! | IJ17: {=LOGEST(IF17:IH17, HV17:HX17, TRUE, FALSE)} -> #VALUE! | IK17: #VALUE! | IL17: =IF(IK17="","",-LN(IJ17)) -> #VALUE! | IM17: =LN(2)/IL17 -> #VALUE! | IN17: =(IM17*DATA!$B$3)/(DATA!$B$3+'Inputs-new'!IM17) -> #VALUE! | IO17: =IK17 -> #VALUE! | IP17: =IO17/I17 -> #VALUE! | IQ17: =IN17/LN(2) -> #VALUE! | IR17: =IQ17*IP17/1000 -> #VALUE! | IS17: =110.01*(GY17^0.0275) -> #VALUE! | IT17: =IS17*IR17 -> #VALUE! | IU17: =IT17/1000 -> #VALUE! | IV17: =(80/IU17)/1000 -> #VALUE!
A18: 17 | C18: F | E18: 157 | F18: 60 | G18: =IF(C18 = "M", 65.76+(1.452*(E18-152)), 62.34+(1.247*(E18-152))) -> 68.575 | H18: 57.74 | I18: =Z18*EXP(DATA!$B$4*Y18) -> 55.551286 | J18: =AA18*EXP(DATA!$B$5*'Inputs-new'!Y18) -> 55.551286 | L18: 45341.649 | M18: 45341.583 | N18: 1.5 | O18: 45344.417 | P18: 200 | Q18: 16322.772 | R18: 2.225 | S18: =N18/P18 -> 0.0075 | T18: =Q18*EXP((O18-M18)*24*DATA!$B$4) -> 26112.074 | U18: =T18/S18 -> 3481609.9 | V18: 45341.73 | W18: 292.2 | X18: 187591.24 | Y18: =IF(V18="","",(V18-$L18)*24) -> 1.9333333 | Z18: =IF(W18 = "", "", W18*X18/1000000) -> 54.81416 | AA18: =IF(Z18 = "", "", Z18*EXP(Y18*DATA!$B$4)*EXP(-DATA!$B$5*'Inputs-new'!Y18)) -> 55.166119 | AB18: 45342.309 | AC18: 191.9 | AD18: 199913.81 | AE18: =IF(AB18="","",(AB18-$L18)*24) -> 15.833333 | AF18: =IF(AC18 = "", "", AC18*AD18/1000000) -> 38.36346 | AG18: =IF(AF18 = "", "", AF18*EXP(AE18*DATA!$B$4)*EXP(-DATA!$B$5*'Inputs-new'!AE18)) -> 40.427999 | AH18: 45343.305 | AI18: 108.1 | AJ18: 199913.81 | AK18: =IF(AH18="","",(AH18-$L18)*24) -> 39.733333 | AL18: =IF(AI18 = "", "", AI18*AJ18/1000000) -> 21.610683 | AM18: =IF(AL18 = "", "", AL18*EXP(AK18*DATA!$B$4)*EXP(-DATA!$B$5*'Inputs-new'!AK18)) -> 24.648775 | AN18: 45344.312 | AO18: 69.1 | AP18: 213997.92 | AQ18: =IF(AN18="","",(AN18-$L18)*24) -> 63.9 | AR18: =IF(AO18 = "", "", AO18*AP18/1000000) -> 14.787256 | AS18: =IF(AR18 = "", "", AR18*EXP(AQ18*DATA!$B$4)*EXP(-DATA!$B$5*'Inputs-new'!AQ18)) -> 18.270912 | AW18: =IF(AT18="","",(AT18-$L18)*24) | AX18: =IF(AU18 = "", "", AU18*AV18/1000000) | AY18: =IF(AX18 = "", "", AX18*EXP(AW18*DATA!$B$4)*EXP(-DATA!$B$5*'Inputs-new'!AW18)) | AZ18: 45341.719 | BA18: 45344.424 | BB18: 9925.67 | BC18: =IF(AZ18 = "", "", 24*(AZ18-$L18)) -> 1.6666667 | BD18: =IF(BB18 = "", "", BB18*EXP(DATA!$B$4*(BA18-AZ18)*24)) -> 15543.726 | BE18: =IF(BD18 = "", "", BD18*EXP(BC18*DATA!$B$4)*EXP(-BC18*DATA!$B$5)) -> 15629.727 | BF18: =BD18*$S18/$T18 -> 0.0044645225 | BG18: =BE18*$S18/$T18 -> 0.004489224 | BH18: 45342.349 | BI18: 45344.43 | BJ18: 7427.3425 | BK18: =IF(BH18 = "", "", 24*(BH18-$L18)) -> 16.783333 | BL18: =IF(BJ18 = "", "", BJ18*EXP(DATA!$B$4*(BI18-BH18)*24)) -> 10488.619 | BM18: =IF(BL18 = "", "", BL18*EXP(BK18*DATA!$B$4)*EXP(-BK18*DATA!$B$5)) -> 11087.883 | BN18: =BL18*$S18/$T18 -> 0.0030125773 | BO18: =BM18*($S18/$T18) -> 0.0031847001 | BP18: 45343.344 | BQ18: 45344.436 | BR18: 5493.23 | BS18: =IF(BP18 = "", "", 24*(BP18-$L18)) -> 40.683333 | BT18: =IF(BR18 = "", "", BR18*EXP(DATA!$B$4*(BQ18-BP18)*24)) -> 6583.3366 | BU18: =IF(BT18 = "", "", BT18*EXP(BS18*DATA!$B$4)*EXP(-BS18*DATA!$B$5)) -> 7532.4939 | BV18: =BT18*$S18/$T18 -> 0.0018908886 | BW18: =BU18*$S18/$T18 -> 0.0021635089 | BX18: 45344.299 | BY18: 45344.442 | BZ18: 3864.9325 | CA18: =IF(BX18 = "", "", 24*(BX18-$L18)) -> 63.583333 | CB18: =IF(BZ18 = "", "", BZ18*EXP(DATA!$B$4*(BY18-BX18)*24)) -> 3958.1689 | CC18: =IF(CB18 = "", "", CB18*EXP(CA18*DATA!$B$4)*EXP(-CA18*DATA!$B$5)) -> 4885.5298 | CD18: =CB18*$S18/$T18 -> 0.0011368789 | CE18: =CC18*($S18/$T18) -> 0.0014032387 | CI18: =IF(CF18 = "", "", 24*(CF18-$L18)) | CJ18: =IF(CH18 = "", "", CH18*EXP(DATA!$B$4*(CG18-CF18)*24)) | CK18: =IF(CJ18 = "", "", CJ18*EXP(CI18*DATA!$B$4)*EXP(-CI18*DATA!$B$5)) | CL18: =CJ18*$S18/$T18 -> #VALUE! | CM18: =CK18*($S18/$T18) -> #VALUE! | CN18: =AA18 -> 55.166119 | CO18: =AG18 -> 40.427999 | CP18: =AM18 -> 24.648775 | CQ18: =AS18 -> 18.270912 | CR18: =AY18 | CS18: =Y18 -> 1.9333333 | CT18: =AE18 -> 15.833333 | CU18: =AK18 -> 39.733333 | CV18: =AQ18 -> 63.9 | CW18: =AW18 | CX18: {=LOGEST(CN18:CQ18,CS18:CV18,TRUE,TRUE)} -> 0.98218423 | CY18: 54.628755 | CZ18: 0 | DA18: 2 | DB18: 4 | DC18: 10 | DD18: 18 | DE18: 24 | DF18: 26 | DG18: 34 | DH18: 42 | DI18: 48 | DJ18: 50 | DK18: 58 | DL18: 66 | DM18: 74 | DN18: =($CY18*$CX18^CZ18)/$J18 -> 0.98339317 | DO18: =($CY18*$CX18^DA18)/$J18 -> 0.94866549 | DP18: =($CY18*$CX18^DB18)/$J18 -> 0.91516419 | DQ18: =($CY18*$CX18^DC18)/$J18 -> 0.82159306 | DR18: =($CY18*$CX18^DD18)/$J18 -> 0.71154181 | DS18: =($CY18*$CX18^DE18)/$J18 -> 0.63879009 | DT18: =($CY18*$CX18^DF18)/$J18 -> 0.61623177 | DU18: =($CY18*$CX18^DG18)/$J18 -> 0.53368838 | ... EA18: =($CY18*$CX18^DM18)/$J18 -> 0.26001958 | EB18: {=LOGEST(DN18:EA18,CZ18:DM18,TRUE,TRUE)} -> 0.98218423 | EC18: 0.98339317 | ED18: =-LN(DW18/DN18)/DI18 -> 0.017976379 | EE18: =LN(2)/ED18 -> 38.558775 | EF18: =(EC18*EE18)/LN(2) -> 54.70474 | EG18: =BG18 -> 0.004489224 | EH18: =BO18 -> 0.0031847001 | EI18: =BW18 -> 0.0021635089 | EJ18: =CE18 -> 0.0014032387 | EK18: =CM18 -> #VALUE! | EL18: =BC18 -> 1.6666667 | EM18: =BK18 -> 16.783333 | EN18: =BS18 -> 40.683333 | EO18: =CA18 -> 63.583333 | EP18: =CI18 | EQ18: {=LOGEST(EG18:EJ18, EL18:EO18, TRUE, TRUE)} -> 0.98177164 | ER18: 0.0045133008 | ES18: 0 | ET18: 2 | EU18: 4 | EV18: 10 | EW18: 18 | EX18: 24 | EY18: 26 | EZ18: 34 | FA18: 42 | FB18: 48 | FC18: 50 | FD18: 58 | FE18: 66 | FF18: 72 | FG18: 78 | FH18: 84 | FI18: 90 | FJ18: 96 | FK18: =($ER18*$EQ18^ES18)/$I18 -> 8.1245659e-05 | FL18: =($ER18*$EQ18^ET18)/$I18 -> 7.8310704e-05 | FM18: =($ER18*$EQ18^EU18)/$I18 -> 7.5481773e-05 | FN18: =($ER18*$EQ18^EV18)/$I18 -> 6.7593507e-05 | FO18: =($ER18*$EQ18^EW18)/$I18 -> 5.834301e-05 | FP18: =($ER18*$EQ18^EX18)/$I18 -> 5.2245841e-05 | FQ18: =($ER18*$EQ18^EY18)/$I18 -> 5.0358488e-05 | FR18: =($ER18*$EQ18^EZ18)/$I18 -> 4.3466687e-05 | ... GB18: =($ER18*$EQ18^FJ18)/$I18 -> 1.3893331e-05 | GC18: {=LOGEST(FK18:GB18, ES18:FJ18, TRUE, TRUE)} -> 0.98177164 | GD18: 8.1245659e-05 | GE18: =-LN(FT18/FK18)/FB18 -> 0.018396546 | GF18: =LN(2)/GE18 -> 37.678115 | GG18: =(GF18*DATA!$B$3)/(DATA!$B$3+GF18) -> 31.513349 | GH18: =(GG18*GD18)/LN(2) -> 0.003693765 | GI18: =DATA!$B$6/DW18 -> 7.1334983 | GK18: =IF(G18<F18, 0.0188*(G18^(-2/3)), 0.0188*F18^(-2/3)) -> 0.0012266585 | GL18: =GK18*EF18 + GH18*DATA!$B$8 -> 0.46603066 | GM18: =DATA!$B$7/GL18 -> 4.2915632 | GO18: =GI18 -> 7.1334983 | GP18: =ROUNDDOWN(GO18*27.027,0) -> 192 | GQ18: =GM18 -> 4.2915632 | GR18: =ROUNDDOWN(GQ18 * 27.027,0) -> 115 | GV18: =V18 -> 45341.73 | GW18: =Y18 -> 1.9333333 | GY18: =IF(GX18 = "", "", 0.001 * 4/3 *3.14159265*(GX18/2)^3) | GZ18: =IF(GS18="","",((GS18-GU18)*GT18/GY18)) | HD18: =AB18 -> 45342.309 | HE18: =AE18 -> 15.833333 | HI18: =AH18 -> 45343.305 | HJ18: =AK18 -> 39.733333 | HN18: =AN18 -> 45344.312 | HO18: =AQ18 -> 63.9 | HS18: =AT18 -> 0 | HT18: =AW18 | HU18: =GW18 -> 1.9333333 | HV18: =HE18 -> 15.833333 | HW18: =HJ18 -> 39.733333 | HX18: =HO18 -> 63.9 | HY18: =HT18 | HZ18: =(GS18-GU18)*GT18/GY18 -> #VALUE! | IA18: =(HA18-HC18)*HB18/GY18 -> #VALUE! | IB18: =(HF18-HH18)*HG18/GY18 -> #VALUE! | IC18: =(HK18-HM18)*HL18/$GY18 -> #VALUE! | ID18: =(HP18-HR18)*HQ18/$GY18 -> #VALUE! | IE18: =HZ18*EXP(DATA!$B$4*'Inputs-new'!HU18) -> #VALUE! | IF18: =IA18*EXP(DATA!$B$4*'Inputs-new'!HV18) -> #VALUE! | IG18: =IB18*EXP(DATA!$B$4*'Inputs-new'!HW18) -> #VALUE! | IH18: =IC18*EXP(DATA!$B$4*'Inputs-new'!HX18) -> #VALUE! | II18: =ID18*EXP(DATA!$B$4*'Inputs-new'!HY18) -> #VALUE! | IJ18: {=LOGEST(IF18:IH18, HV18:HX18, TRUE, FALSE)} -> #VALUE! | IK18: #VALUE! | IL18: =IF(IK18="","",-LN(IJ18)) -> #VALUE! | IM18: =LN(2)/IL18 -> #VALUE! | IN18: =(IM18*DATA!$B$3)/(DATA!$B$3+'Inputs-new'!IM18) -> #VALUE! | IO18: =IK18 -> #VALUE! | IP18: =IO18/I18 -> #VALUE! | IQ18: =IN18/LN(2) -> #VALUE! | IR18: =IQ18*IP18/1000 -> #VALUE! | IS18: =110.01*(GY18^0.0275) -> #VALUE! | IT18: =IS18*IR18 -> #VALUE! | IU18: =IT18/1000 -> #VALUE! | IV18: =(80/IU18)/1000 -> #VALUE!
A19: 18 | C19: F | E19: 162 | F19: 49 | G19: =IF(C19 = "M", 65.76+(1.452*(E19-152)), 62.34+(1.247*(E19-152))) -> 74.81 | H19: 56.7 | I19: =Z19*EXP(DATA!$B$4*Y19) -> 50.550548 | J19: =AA19*EXP(DATA!$B$5*'Inputs-new'!Y19) -> 50.550548 | L19: 45355.603 | M19: 45355.612 | N19: 12.16 | O19: 45358.449 | P19: 200 | Q19: 200030.72 | R19: 21.4975 | S19: =N19/P19 -> 0.0608 | T19: =Q19*EXP((O19-M19)*24*DATA!$B$4) -> 320216.88 | U19: =T19/S19 -> 5266725 | V19: 45355.695 | W19: 283 | X19: 175908.93 | Y19: =IF(V19="","",(V19-$L19)*24) -> 2.2166667 | Z19: =IF(W19 = "", "", W19*X19/1000000) -> 49.782227 | AA19: =IF(Z19 = "", "", Z19*EXP(Y19*DATA!$B$4)*EXP(-DATA!$B$5*'Inputs-new'!Y19)) -> 50.148893 | AB19: 45356.331 | AC19: 128.4 | AD19: 184700.36 | AE19: =IF(AB19="","",(AB19-$L19)*24) -> 17.483333 | AF19: =IF(AC19 = "", "", AC19*AD19/1000000) -> 23.715526 | AG19: =IF(AF19 = "", "", AF19*EXP(AE19*DATA!$B$4)*EXP(-DATA!$B$5*'Inputs-new'!AE19)) -> 25.128672 | AH19: 45357.323 | AI19: 61.9 | AJ19: 177940.34 | AK19: =IF(AH19="","",(AH19-$L19)*24) -> 41.283333 | AL19: =IF(AI19 = "", "", AI19*AJ19/1000000) -> 11.014507 | AM19: =IF(AL19 = "", "", AL19*EXP(AK19*DATA!$B$4)*EXP(-DATA!$B$5*'Inputs-new'!AK19)) -> 12.627589 | AN19: 45358.324 | AO19: 32 | AP19: 168165.3 | AQ19: =IF(AN19="","",(AN19-$L19)*24) -> 65.316667 | AR19: =IF(AO19 = "", "", AO19*AP19/1000000) -> 5.3812896 | AS19: =IF(AR19 = "", "", AR19*EXP(AQ19*DATA!$B$4)*EXP(-DATA!$B$5*'Inputs-new'!AQ19)) -> 6.6802978 | AW19: =IF(AT19="","",(AT19-$L19)*24) | AX19: =IF(AU19 = "", "", AU19*AV19/1000000) | AY19: =IF(AX19 = "", "", AX19*EXP(AW19*DATA!$B$4)*EXP(-DATA!$B$5*'Inputs-new'!AW19)) | AZ19: 45355.678 | BA19: 45358.427 | BB19: 12823.942 | BC19: =IF(AZ19 = "", "", 24*(AZ19-$L19)) -> 1.8 | BD19: =IF(BB19 = "", "", BB19*EXP(DATA!$B$4*(BA19-AZ19)*24)) -> 20231.012 | BE19: =IF(BD19 = "", "", BD19*EXP(BC19*DATA!$B$4)*EXP(-BC19*DATA!$B$5)) -> 20351.928 | BF19: =BD19*$S19/$T19 -> 0.0038412888 | BG19: =BE19*$S19/$T19 -> 0.0038642474 | BH19: 45356.382 | BI19: 45358.433 | BJ19: 6801.445 | BK19: =IF(BH19 = "", "", 24*(BH19-$L19)) -> 18.7 | BL19: =IF(BJ19 = "", "", BJ19*EXP(DATA!$B$4*(BI19-BH19)*24)) -> 9556.2066 | BM19: =IF(BL19 = "", "", BL19*EXP(BK19*DATA!$B$4)*EXP(-BK19*DATA!$B$5)) -> 10166.503 | BN19: =BL19*$S19/$T19 -> 0.0018144495 | BO19: =BM19*($S19/$T19) -> 0.0019303272 | BP19: 45357.365 | BQ19: 45358.438 | BR19: 3542.175 | BS19: =IF(BP19 = "", "", 24*(BP19-$L19)) -> 42.283333 | BT19: =IF(BR19 = "", "", BR19*EXP(DATA!$B$4*(BQ19-BP19)*24)) -> 4232.4125 | BU19: =IF(BT19 = "", "", BT19*EXP(BS19*DATA!$B$4)*EXP(-BS19*DATA!$B$5)) -> 4868.3425 | BV19: =BT19*$S19/$T19 -> 0.00080361374 | BW19: =BU19*$S19/$T19 -> 0.0009243586 | BX19: 45358.365 | BY19: 45358.444 | BZ19: 1927.43 | CA19: =IF(BX19 = "", "", 24*(BX19-$L19)) -> 66.283333 | CB19: =IF(BZ19 = "", "", BZ19*EXP(DATA!$B$4*(BY19-BX19)*24)) -> 1952.8997 | CC19: =IF(CB19 = "", "", CB19*EXP(CA19*DATA!$B$4)*EXP(-CA19*DATA!$B$5)) -> 2432.0877 | CD19: =CB19*$S19/$T19 -> 0.00037079964 | CE19: =CC19*($S19/$T19) -> 0.00046178369 | CI19: =IF(CF19 = "", "", 24*(CF19-$L19)) | CJ19: =IF(CH19 = "", "", CH19*EXP(DATA!$B$4*(CG19-CF19)*24)) | CK19: =IF(CJ19 = "", "", CJ19*EXP(CI19*DATA!$B$4)*EXP(-CI19*DATA!$B$5)) | CL19: =CJ19*$S19/$T19 -> #VALUE! | CM19: =CK19*($S19/$T19) -> #VALUE! | CN19: =AA19 -> 50.148893 | CO19: =AG19 -> 25.128672 | CP19: =AM19 -> 12.627589 | CQ19: =AS19 -> 6.6802978 | CR19: =AY19 | CS19: =Y19 -> 2.2166667 | CT19: =AE19 -> 17.483333 | CU19: =AK19 -> 41.283333 | CV19: =AQ19 -> 65.316667 | CW19: =AW19 | CX19: {=LOGEST(CN19:CQ19,CS19:CV19,TRUE,TRUE)} -> 0.96923086 | CY19: 48.439189 | CZ19: 0 | DA19: 2 | DB19: 4 | DC19: 10 | DD19: 18 | DE19: 24 | DF19: 26 | DG19: 34 | DH19: 42 | DI19: 48 | DJ19: 50 | DK19: 58 | DL19: 66 | DM19: 74 | DN19: =($CY19*$CX19^CZ19)/$J19 -> 0.95823272 | DO19: =($CY19*$CX19^DA19)/$J19 -> 0.90017192 | DP19: =($CY19*$CX19^DB19)/$J19 -> 0.84562912 | DQ19: =($CY19*$CX19^DC19)/$J19 -> 0.70104087 | DR19: =($CY19*$CX19^DD19)/$J19 -> 0.54596049 | DS19: =($CY19*$CX19^DE19)/$J19 -> 0.45261049 | DT19: =($CY19*$CX19^DF19)/$J19 -> 0.42518613 | DU19: =($CY19*$CX19^DG19)/$J19 -> 0.33112881 | ... EA19: =($CY19*$CX19^DM19)/$J19 -> 0.094860703 | EB19: {=LOGEST(DN19:EA19,CZ19:DM19,TRUE,TRUE)} -> 0.96923086 | EC19: 0.95823272 | ED19: =-LN(DW19/DN19)/DI19 -> 0.031252448 | EE19: =LN(2)/ED19 -> 22.178972 | EF19: =(EC19*EE19)/LN(2) -> 30.661045 | EG19: =BG19 -> 0.0038642474 | EH19: =BO19 -> 0.0019303272 | EI19: =BW19 -> 0.0009243586 | EJ19: =CE19 -> 0.00046178369 | EK19: =CM19 -> #VALUE! | EL19: =BC19 -> 1.8 | EM19: =BK19 -> 18.7 | EN19: =BS19 -> 42.283333 | EO19: =CA19 -> 66.283333 | EP19: =CI19 | EQ19: {=LOGEST(EG19:EJ19, EL19:EO19, TRUE, TRUE)} -> 0.96795665 | ER19: 0.0038205552 | ES19: 0 | ET19: 2 | EU19: 4 | EV19: 10 | EW19: 18 | EX19: 24 | EY19: 26 | EZ19: 34 | FA19: 42 | FB19: 48 | FC19: 50 | FD19: 58 | FE19: 66 | FF19: 72 | FG19: 78 | FH19: 84 | FI19: 90 | FJ19: 96 | FK19: =($ER19*$EQ19^ES19)/$I19 -> 7.5578908e-05 | FL19: =($ER19*$EQ19^ET19)/$I19 -> 7.0812907e-05 | FM19: =($ER19*$EQ19^EU19)/$I19 -> 6.634745e-05 | FN19: =($ER19*$EQ19^EV19)/$I19 -> 5.4570719e-05 | FO19: =($ER19*$EQ19^EW19)/$I19 -> 4.2053963e-05 | FP19: =($ER19*$EQ19^EX19)/$I19 -> 3.4589348e-05 | FQ19: =($ER19*$EQ19^EY19)/$I19 -> 3.2408146e-05 | FR19: =($ER19*$EQ19^EZ19)/$I19 -> 2.4974766e-05 | ... GB19: =($ER19*$EQ19^FJ19)/$I19 -> 3.3156421e-06 | GC19: {=LOGEST(FK19:GB19, ES19:FJ19, TRUE, TRUE)} -> 0.96795665 | GD19: 7.5578908e-05 | GE19: =-LN(FT19/FK19)/FB19 -> 0.032567979 | GF19: =LN(2)/GE19 -> 21.283089 | GG19: =(GF19*DATA!$B$3)/(DATA!$B$3+GF19) -> 19.165298 | GH19: =(GG19*GD19)/LN(2) -> 0.0020897326 | GI19: =DATA!$B$6/DW19 -> 13.845654 | GK19: =IF(G19<F19, 0.0188*(G19^(-2/3)), 0.0188*F19^(-2/3)) -> 0.0014039785 | GL19: =GK19*EF19 + GH19*DATA!$B$8 -> 0.26873857 | GM19: =DATA!$B$7/GL19 -> 7.442177 | GO19: =GI19 -> 13.845654 | GP19: =ROUNDDOWN(GO19*27.027,0) -> 374 | GQ19: =GM19 -> 7.442177 | GR19: =ROUNDDOWN(GQ19 * 27.027,0) -> 201 | GS19: 1.07 | GT19: 9.11 | GU19: 0.716 | GV19: =V19 -> 45355.695 | GW19: =Y19 -> 2.2166667 | GX19: 5 | GY19: =IF(GX19 = "", "", 0.001 * 4/3 *3.14159265*(GX19/2)^3) -> 0.065449847 | GZ19: =IF(GS19="","",((GS19-GU19)*GT19/GY19)) -> 49.273454 | HA19: 1.05 | HB19: 12.59 | HC19: 0.42 | HD19: =AB19 -> 45356.331 | HE19: =AE19 -> 17.483333 | HF19: 0.873 | HG19: 15 | HH19: 0.167 | HI19: =AH19 -> 45357.323 | HJ19: =AK19 -> 41.283333 | HK19: 0.875 | HL19: 12.4 | HM19: 0.0532 | HN19: =AN19 -> 45358.324 | HO19: =AQ19 -> 65.316667 | HS19: =AT19 -> 0 | HT19: =AW19 | HU19: =GW19 -> 2.2166667 | HV19: =HE19 -> 17.483333 | HW19: =HJ19 -> 41.283333 | HX19: =HO19 -> 65.316667 | HY19: =HT19 | HZ19: =(GS19-GU19)*GT19/GY19 -> 49.273454 | IA19: =(HA19-HC19)*HB19/GY19 -> 121.18745 | IB19: =(HF19-HH19)*HG19/GY19 -> 161.80328 | IC19: =(HK19-HM19)*HL19/$GY19 -> 155.69662 | ID19: =(HP19-HR19)*HQ19/$GY19 -> 0 | IE19: =HZ19*EXP(DATA!$B$4*'Inputs-new'!HU19) -> 50.033922 | IF19: =IA19*EXP(DATA!$B$4*'Inputs-new'!HV19) -> 136.74764 | IG19: =IB19*EXP(DATA!$B$4*'Inputs-new'!HW19) -> 215.21182 | IH19: =IC19*EXP(DATA!$B$4*'Inputs-new'!HX19) -> 244.49769 | II19: =ID19*EXP(DATA!$B$4*'Inputs-new'!HY19) -> #VALUE! | IJ19: {=LOGEST(IF19:IH19, HV19:HX19, TRUE, FALSE)} -> 1.0122105 | IK19: 116.86334 | IL19: =IF(IK19="","",-LN(IJ19)) -> -0.012136602 | IM19: =LN(2)/IL19 -> -57.112128 | IN19: =(IM19*DATA!$B$3)/(DATA!$B$3+'Inputs-new'!IM19) -> -81.185719 | IO19: =IK19 -> 116.86334 | IP19: =IO19/I19 -> 2.3118116 | IQ19: =IN19/LN(2) -> -117.12623 | IR19: =IQ19*IP19/1000 -> -0.27077379 | IS19: =110.01*(GY19^0.0275) -> 102.06331 | IT19: =IS19*IR19 -> -27.636069 | IU19: =IT19/1000 -> -0.027636069 | IV19: =(80/IU19)/1000 -> -2.8947677
A20: 19 | C20: F | E20: 169 | F20: 99.8 | G20: =IF(C20 = "M", 65.76+(1.452*(E20-152)), 62.34+(1.247*(E20-152))) -> 83.539 | H20: 50.3 | I20: =Z20*EXP(DATA!$B$4*Y20) -> 62.211613 | J20: =AA20*EXP(DATA!$B$5*'Inputs-new'!Y20) -> 62.211613 | L20: 45467.599 | M20: 45467.632 | N20: 3.27 | O20: 45471.715 | P20: 200 | Q20: 56585.58 | R20: 19.855 | S20: =N20/P20 -> 0.01635 | T20: =Q20*EXP((O20-M20)*24*DATA!$B$4) -> 111371.52 | U20: =T20/S20 -> 6811713.8 | V20: 45467.673 | W20: 242.1 | X20: 253823.17 | Y20: =IF(V20="","",(V20-$L20)*24) -> 1.7813889 | Z20: =IF(W20 = "", "", W20*X20/1000000) -> 61.450589 | AA20: =IF(Z20 = "", "", Z20*EXP(Y20*DATA!$B$4)*EXP(-DATA!$B$5*'Inputs-new'!Y20)) -> 61.814058 | AB20: 45469.307 | AC20: 96.5 | AD20: 221474.73 | AE20: =IF(AB20="","",(AB20-$L20)*24) -> 40.99 | AF20: =IF(AC20 = "", "", AC20*AD20/1000000) -> 21.372311 | AG20: =IF(AF20 = "", "", AF20*EXP(AE20*DATA!$B$4)*EXP(-DATA!$B$5*'Inputs-new'!AE20)) -> 24.478519 | AH20: 45470.319 | AI20: 52.7 | AJ20: 236700.23 | AK20: =IF(AH20="","",(AH20-$L20)*24) -> 65.300833 | AL20: =IF(AI20 = "", "", AI20*AJ20/1000000) -> 12.474102 | AM20: =IF(AL20 = "", "", AL20*EXP(AK20*DATA!$B$4)*EXP(-DATA!$B$5*'Inputs-new'!AK20)) -> 15.484457 | AQ20: =IF(AN20="","",(AN20-$L20)*24) | AR20: =IF(AO20 = "", "", AO20*AP20/1000000) | AS20: =IF(AR20 = "", "", AR20*EXP(AQ20*DATA!$B$4)*EXP(-DATA!$B$5*'Inputs-new'!AQ20)) | AW20: =IF(AT20="","",(AT20-$L20)*24) | AX20: =IF(AU20 = "", "", AU20*AV20/1000000) | AY20: =IF(AX20 = "", "", AX20*EXP(AW20*DATA!$B$4)*EXP(-DATA!$B$5*'Inputs-new'!AW20)) | AZ20: 45467.66 | BA20: 45471.722 | BB20: 4204.2375 | BC20: =IF(AZ20 = "", "", 24*(AZ20-$L20)) -> 1.4666667 | BD20: =IF(BB20 = "", "", BB20*EXP(DATA!$B$4*(BA20-AZ20)*24)) -> 8245.2771 | BE20: =IF(BD20 = "", "", BD20*EXP(BC20*DATA!$B$4)*EXP(-BC20*DATA!$B$5)) -> 8285.4093 | BF20: =BD20*$S20/$T20 -> 0.0012104556 | BG20: =BE20*$S20/$T20 -> 0.0012163472 | BH20: 45469.356 | BI20: 45471.728 | BJ20: 2196.85 | BK20: =IF(BH20 = "", "", 24*(BH20-$L20)) -> 42.166667 | BL20: =IF(BJ20 = "", "", BJ20*EXP(DATA!$B$4*(BI20-BH20)*24)) -> 3255.6681 | BM20: =IF(BL20 = "", "", BL20*EXP(BK20*DATA!$B$4)*EXP(-BK20*DATA!$B$5)) -> 3743.3939 | BN20: =BL20*$S20/$T20 -> 0.0004779514 | BO20: =BM20*($S20/$T20) -> 0.00054955243 | BP20: 45470.354 | BQ20: 45471.734 | BR20: 1841.075 | BS20: =IF(BP20 = "", "", 24*(BP20-$L20)) -> 66.133333 | BT20: =IF(BR20 = "", "", BR20*EXP(DATA!$B$4*(BQ20-BP20)*24)) -> 2314.4329 | BU20: =IF(BT20 = "", "", BT20*EXP(BS20*DATA!$B$4)*EXP(-BS20*DATA!$B$5)) -> 2880.9002 | BV20: =BT20*$S20/$T20 -> 0.00033977248 | BW20: =BU20*$S20/$T20 -> 0.00042293324 | CA20: =IF(BX20 = "", "", 24*(BX20-$L20)) | CB20: =IF(BZ20 = "", "", BZ20*EXP(DATA!$B$4*(BY20-BX20)*24)) | CC20: =IF(CB20 = "", "", CB20*EXP(CA20*DATA!$B$4)*EXP(-CA20*DATA!$B$5)) | CD20: =CB20*$S20/$T20 -> #VALUE! | CE20: =CC20*($S20/$T20) -> #VALUE! | CI20: =IF(CF20 = "", "", 24*(CF20-$L20)) | CJ20: =IF(CH20 = "", "", CH20*EXP(DATA!$B$4*(CG20-CF20)*24)) | CK20: =IF(CJ20 = "", "", CJ20*EXP(CI20*DATA!$B$4)*EXP(-CI20*DATA!$B$5)) | CL20: =CJ20*$S20/$T20 -> #VALUE! | CM20: =CK20*($S20/$T20) -> #VALUE! | CN20: =AA20 -> 61.814058 | CO20: =AG20 -> 24.478519 | CP20: =AM20 -> 15.484457 | CQ20: =AS20 | CR20: =AY20 | CS20: =Y20 -> 1.7813889 | CT20: =AE20 -> 40.99 | CU20: =AK20 -> 65.300833 | CV20: =AQ20 | CW20: =AW20 | CX20: {=LOGEST(CN20:CP20,CS20:CU20,TRUE,TRUE)} -> 0.9782726 | CY20: 63.13398 | CZ20: 0 | DA20: 2 | DB20: 4 | DC20: 10 | DD20: 18 | DE20: 24 | DF20: 26 | DG20: 34 | DH20: 42 | DI20: 48 | DJ20: 50 | DK20: 58 | DL20: 66 | DM20: 74 | DN20: =($CY20*$CX20^CZ20)/$J20 -> 1.0148263 | DO20: =($CY20*$CX20^DA20)/$J20 -> 0.97120627 | DP20: =($CY20*$CX20^DB20)/$J20 -> 0.92946118 | DQ20: =($CY20*$CX20^DC20)/$J20 -> 0.81468662 | DR20: =($CY20*$CX20^DD20)/$J20 -> 0.68339167 | DS20: =($CY20*$CX20^DE20)/$J20 -> 0.59900302 | DT20: =($CY20*$CX20^DF20)/$J20 -> 0.57325623 | DU20: =($CY20*$CX20^DG20)/$J20 -> 0.48087023 | ... EA20: =($CY20*$CX20^DM20)/$J20 -> 0.19972085 | EB20: {=LOGEST(DN20:EA20,CZ20:DM20,TRUE,TRUE)} -> 0.9782726 | EC20: 1.0148263 | ED20: =-LN(DW20/DN20)/DI20 -> 0.02196692 | EE20: =LN(2)/ED20 -> 31.554136 | EF20: =(EC20*EE20)/LN(2) -> 46.197932 | EG20: =BG20 -> 0.0012163472 | EH20: =BO20 -> 0.00054955243 | EI20: =BW20 -> 0.00042293324 | EJ20: =CE20 -> #VALUE! | EK20: =CM20 -> #VALUE! | EL20: =BC20 -> 1.4666667 | EM20: =BK20 -> 42.166667 | EN20: =BS20 -> 66.133333 | EO20: =CA20 | EP20: =CI20 | EQ20: {=LOGEST(EG20:EI20, EL20:EN20, TRUE, TRUE)} -> 0.98346401 | ER20: 0.0012080149 | ES20: 0 | ET20: 2 | EU20: 4 | EV20: 10 | EW20: 18 | EX20: 24 | EY20: 26 | EZ20: 34 | FA20: 42 | FB20: 48 | FC20: 50 | FD20: 58 | FE20: 66 | FF20: 72 | FG20: 78 | FH20: 84 | FI20: 90 | FJ20: 96 | FK20: =($ER20*$EQ20^ES20)/$I20 -> 1.9417837e-05 | FL20: =($ER20*$EQ20^ET20)/$I20 -> 1.878096e-05 | FM20: =($ER20*$EQ20^EU20)/$I20 -> 1.8164972e-05 | FN20: =($ER20*$EQ20^EV20)/$I20 -> 1.64356e-05 | FO20: =($ER20*$EQ20^EW20)/$I20 -> 1.4383128e-05 | FP20: =($ER20*$EQ20^EX20)/$I20 -> 1.3013801e-05 | FQ20: =($ER20*$EQ20^EY20)/$I20 -> 1.2586968e-05 | FR20: =($ER20*$EQ20^EZ20)/$I20 -> 1.1015111e-05 | ... GB20: =($ER20*$EQ20^FJ20)/$I20 -> 3.9175465e-06 | GC20: {=LOGEST(FK20:GB20, ES20:FJ20, TRUE, TRUE)} -> 0.98346401 | GD20: 1.9417837e-05 | GE20: =-LN(FT20/FK20)/FB20 -> 0.016674234 | GF20: =LN(2)/GE20 -> 41.569955 | GG20: =(GF20*DATA!$B$3)/(DATA!$B$3+GF20) -> 34.190589 | GH20: =(GG20*GD20)/LN(2) -> 0.00095781574 | GI20: =DATA!$B$6/DW20 -> 8.3719262 | GK20: =IF(G20<F20, 0.0188*(G20^(-2/3)), 0.0188*F20^(-2/3)) -> 0.00098378078 | GL20: =GK20*EF20 + GH20*DATA!$B$8 -> 0.14889274 | GM20: =DATA!$B$7/GL20 -> 13.432489 | GO20: =GI20 -> 8.3719262 | GP20: =ROUNDDOWN(GO20*27.027,0) -> 226 | GQ20: =GM20 -> 13.432489 | GR20: =ROUNDDOWN(GQ20 * 27.027,0) -> 363 | GV20: =V20 -> 45467.673 | GW20: =Y20 -> 1.7813889 | GY20: =IF(GX20 = "", "", 0.001 * 4/3 *3.14159265*(GX20/2)^3) | GZ20: =IF(GS20="","",((GS20-GU20)*GT20/GY20)) | HD20: =AB20 -> 45469.307 | HE20: =AE20 -> 40.99 | HI20: =AH20 -> 45470.319 | HJ20: =AK20 -> 65.300833 | HN20: =AN20 -> 0 | HO20: =AQ20 | HS20: =AT20 -> 0 | HT20: =AW20 | HU20: =GW20 -> 1.7813889 | HV20: =HE20 -> 40.99 | HW20: =HJ20 -> 65.300833 | HX20: =HO20 | HY20: =HT20 | HZ20: =(GS20-GU20)*GT20/GY20 -> #VALUE! | IA20: =(HA20-HC20)*HB20/GY20 -> #VALUE! | IB20: =(HF20-HH20)*HG20/GY20 -> #VALUE! | IC20: =(HK20-HM20)*HL20/$GY20 -> #VALUE! | ID20: =(HP20-HR20)*HQ20/$GY20 -> #VALUE! | IE20: =HZ20*EXP(DATA!$B$4*'Inputs-new'!HU20) -> #VALUE! | IF20: =IA20*EXP(DATA!$B$4*'Inputs-new'!HV20) -> #VALUE! | IG20: =IB20*EXP(DATA!$B$4*'Inputs-new'!HW20) -> #VALUE! | IH20: =IC20*EXP(DATA!$B$4*'Inputs-new'!HX20) -> #VALUE! | II20: =ID20*EXP(DATA!$B$4*'Inputs-new'!HY20) -> #VALUE! | IJ20: {=LOGEST(IF20:IH20, HV20:HX20, TRUE, FALSE)} -> #VALUE! | IK20: #VALUE! | IL20: =IF(IK20="","",-LN(IJ20)) -> #VALUE! | IM20: =LN(2)/IL20 -> #VALUE! | IN20: =(IM20*DATA!$B$3)/(DATA!$B$3+'Inputs-new'!IM20) -> #VALUE! | IO20: =IK20 -> #VALUE! | IP20: =IO20/I20 -> #VALUE! | IQ20: =IN20/LN(2) -> #VALUE! | IR20: =IQ20*IP20/1000 -> #VALUE! | IS20: =110.01*(GY20^0.0275) -> #VALUE! | IT20: =IS20*IR20 -> #VALUE! | IU20: =IT20/1000 -> #VALUE! | IV20: =(80/IU20)/1000 -> #VALUE!
A21: 20 | C21: M | E21: 177 | F21: 86 | G21: =IF(C21 = "M", 65.76+(1.452*(E21-152)), 62.34+(1.247*(E21-152))) -> 102.06 | H21: 52.5 | I21: =Z21*EXP(DATA!$B$4*Y21) -> 57.991919 | J21: =AA21*EXP(DATA!$B$5*'Inputs-new'!Y21) -> 57.991919 | L21: 45467.604 | M21: 45467.632 | N21: 3.27 | O21: 45471.715 | P21: 200 | Q21: 56051.027 | R21: 14.56 | S21: =N21/P21 -> 0.01635 | T21: =Q21*EXP((O21-M21)*24*DATA!$B$4) -> 110319.42 | U21: =T21/S21 -> 6747364.9 | V21: 45467.714 | W21: 228.5 | X21: 249211.8 | Y21: =IF(V21="","",(V21-$L21)*24) -> 2.6369444 | Z21: =IF(W21 = "", "", W21*X21/1000000) -> 56.944896 | AA21: =IF(Z21 = "", "", Z21*EXP(Y21*DATA!$B$4)*EXP(-DATA!$B$5*'Inputs-new'!Y21)) -> 57.444187 | AB21: 45469.346 | AC21: 51 | AD21: 239076.85 | AE21: =IF(AB21="","",(AB21-$L21)*24) -> 41.8025 | AF21: =IF(AC21 = "", "", AC21*AD21/1000000) -> 12.192919 | AG21: =IF(AF21 = "", "", AF21*EXP(AE21*DATA!$B$4)*EXP(-DATA!$B$5*'Inputs-new'!AE21)) -> 14.002627 | AK21: =IF(AH21="","",(AH21-$L21)*24) | AL21: =IF(AI21 = "", "", AI21*AJ21/1000000) | AM21: =IF(AL21 = "", "", AL21*EXP(AK21*DATA!$B$4)*EXP(-DATA!$B$5*'Inputs-new'!AK21)) | AQ21: =IF(AN21="","",(AN21-$L21)*24) | AR21: =IF(AO21 = "", "", AO21*AP21/1000000) | AS21: =IF(AR21 = "", "", AR21*EXP(AQ21*DATA!$B$4)*EXP(-DATA!$B$5*'Inputs-new'!AQ21)) | AW21: =IF(AT21="","",(AT21-$L21)*24) | AX21: =IF(AU21 = "", "", AU21*AV21/1000000) | AY21: =IF(AX21 = "", "", AX21*EXP(AW21*DATA!$B$4)*EXP(-DATA!$B$5*'Inputs-new'!AW21)) | AZ21: 45467.688 | BA21: 45471.751 | BB21: 5459.5925 | BC21: =IF(AZ21 = "", "", 24*(AZ21-$L21)) -> 2.0166667 | BD21: =IF(BB21 = "", "", BB21*EXP(DATA!$B$4*(BA21-AZ21)*24)) -> 10708.491 | BE21: =IF(BD21 = "", "", BD21*EXP(BC21*DATA!$B$4)*EXP(-BC21*DATA!$B$5)) -> 10780.223 | BF21: =BD21*$S21/$T21 -> 0.0015870626 | BG21: =BE21*$S21/$T21 -> 0.0015976937 | BH21: 45469.332 | BI21: 45471.757 | BJ21: 1616.1025 | BK21: =IF(BH21 = "", "", 24*(BH21-$L21)) -> 41.466667 | BL21: =IF(BJ21 = "", "", BJ21*EXP(DATA!$B$4*(BI21-BH21)*24)) -> 2416.07 | BM21: =IF(BL21 = "", "", BL21*EXP(BK21*DATA!$B$4)*EXP(-BK21*DATA!$B$5)) -> 2771.5867 | BN21: =BL21*$S21/$T21 -> 0.00035807608 | BO21: =BM21*($S21/$T21) -> 0.0004107658 | BS21: =IF(BP21 = "", "", 24*(BP21-$L21)) | BT21: =IF(BR21 = "", "", BR21*EXP(DATA!$B$4*(BQ21-BP21)*24)) | BU21: =IF(BT21 = "", "", BT21*EXP(BS21*DATA!$B$4)*EXP(-BS21*DATA!$B$5)) | BV21: =BT21*$S21/$T21 -> #VALUE! | BW21: =BU21*$S21/$T21 -> #VALUE! | CA21: =IF(BX21 = "", "", 24*(BX21-$L21)) | CB21: =IF(BZ21 = "", "", BZ21*EXP(DATA!$B$4*(BY21-BX21)*24)) | CC21: =IF(CB21 = "", "", CB21*EXP(CA21*DATA!$B$4)*EXP(-CA21*DATA!$B$5)) | CD21: =CB21*$S21/$T21 -> #VALUE! | CE21: =CC21*($S21/$T21) -> #VALUE! | CI21: =IF(CF21 = "", "", 24*(CF21-$L21)) | CJ21: =IF(CH21 = "", "", CH21*EXP(DATA!$B$4*(CG21-CF21)*24)) | CK21: =IF(CJ21 = "", "", CJ21*EXP(CI21*DATA!$B$4)*EXP(-CI21*DATA!$B$5)) | CL21: =CJ21*$S21/$T21 -> #VALUE! | CM21: =CK21*($S21/$T21) -> #VALUE! | CN21: =AA21 -> 57.444187 | CO21: =AG21 -> 14.002627 | CP21: =AM21 | CQ21: =AS21 | CR21: =AY21 | CS21: =Y21 -> 2.6369444 | CT21: =AE21 -> 41.8025 | CU21: =AK21 | CV21: =AQ21 | CW21: =AW21 | CX21: {=LOGEST(CN21:CO21,CS21:CT21,TRUE,TRUE)} -> 0.96460067 | CY21: 63.17143 | CZ21: 0 | DA21: 2 | DB21: 4 | DC21: 10 | DD21: 18 | DE21: 24 | DF21: 26 | DG21: 34 | DH21: 42 | DI21: 48 | DJ21: 50 | DK21: 58 | DL21: 66 | DM21: 74 | DN21: =($CY21*$CX21^CZ21)/$J21 -> 1.0893144 | DO21: =($CY21*$CX21^DA21)/$J21 -> 1.0135574 | DP21: =($CY21*$CX21^DB21)/$J21 -> 0.94306899 | DQ21: =($CY21*$CX21^DC21)/$J21 -> 0.75967671 | DR21: =($CY21*$CX21^DD21)/$J21 -> 0.56938927 | DS21: =($CY21*$CX21^DE21)/$J21 -> 0.45866397 | DT21: =($CY21*$CX21^DF21)/$J21 -> 0.42676593 | DU21: =($CY21*$CX21^DG21)/$J21 -> 0.31986757 | ... EA21: =($CY21*$CX21^DM21)/$J21 -> 0.075661081 | EB21: {=LOGEST(DN21:EA21,CZ21:DM21,TRUE,TRUE)} -> 0.96460067 | EC21: 1.0893144 | ED21: =-LN(DW21/DN21)/DI21 -> 0.036041079 | EE21: =LN(2)/ED21 -> 19.232143 | EF21: =(EC21*EE21)/LN(2) -> 30.224244 | EG21: =BG21 -> 0.0015976937 | EH21: =BO21 -> 0.0004107658 | EI21: =BW21 -> #VALUE! | EJ21: =CE21 -> #VALUE! | EK21: =CM21 -> #VALUE! | EL21: =BC21 -> 2.0166667 | EM21: =BK21 -> 41.466667 | EN21: =BS21 | EO21: =CA21 | EP21: =CI21 | EQ21: {=LOGEST(EG21:EH21, EL21:EM21, TRUE, TRUE)} -> 0.96615524 | ER21: 0.0017125723 | ES21: 0 | ET21: 2 | EU21: 4 | EV21: 10 | EW21: 18 | EX21: 24 | EY21: 26 | EZ21: 34 | FA21: 42 | FB21: 48 | FC21: 50 | FD21: 58 | FE21: 66 | FF21: 72 | FG21: 78 | FH21: 84 | FI21: 90 | FJ21: 96 | FK21: =($ER21*$EQ21^ES21)/$I21 -> 2.9531224e-05 | FL21: =($ER21*$EQ21^ET21)/$I21 -> 2.7566097e-05 | FM21: =($ER21*$EQ21^EU21)/$I21 -> 2.5731737e-05 | FN21: =($ER21*$EQ21^EV21)/$I21 -> 2.0929101e-05 | FO21: =($ER21*$EQ21^EW21)/$I21 -> 1.5890073e-05 | FP21: =($ER21*$EQ21^EX21)/$I21 -> 1.292431e-05 | FQ21: =($ER21*$EQ21^EY21)/$I21 -> 1.2064274e-05 | FR21: =($ER21*$EQ21^EZ21)/$I21 -> 9.1596e-06 | ... GB21: =($ER21*$EQ21^FJ21)/$I21 -> 1.0833908e-06 | GC21: {=LOGEST(FK21:GB21, ES21:FJ21, TRUE, TRUE)} -> 0.96615524 | GD21: 2.9531224e-05 | GE21: =-LN(FT21/FK21)/FB21 -> 0.034430754 | GF21: =LN(2)/GE21 -> 20.13163 | GG21: =(GF21*DATA!$B$3)/(DATA!$B$3+GF21) -> 18.226537 | GH21: =(GG21*GD21)/LN(2) -> 0.00077653343 | GI21: =DATA!$B$6/DW21 -> 15.326948 | GK21: =IF(G21<F21, 0.0188*(G21^(-2/3)), 0.0188*F21^(-2/3)) -> 0.00096492202 | GL21: =GK21*EF21 + GH21*DATA!$B$8 -> 0.11302965 | GM21: =DATA!$B$7/GL21 -> 17.694472 | GO21: =GI21 -> 15.326948 | GP21: =ROUNDDOWN(GO21*27.027,0) -> 414 | GQ21: =GM21 -> 17.694472 | GR21: =ROUNDDOWN(GQ21 * 27.027,0) -> 478 | GV21: =V21 -> 45467.714 | GW21: =Y21 -> 2.6369444 | GY21: =IF(GX21 = "", "", 0.001 * 4/3 *3.14159265*(GX21/2)^3) | GZ21: =IF(GS21="","",((GS21-GU21)*GT21/GY21)) | HD21: =AB21 -> 45469.346 | HE21: =AE21 -> 41.8025 | HI21: =AH21 -> 0 | HJ21: =AK21 | HN21: =AN21 -> 0 | HO21: =AQ21 | HS21: =AT21 -> 0 | HT21: =AW21 | HU21: =GW21 -> 2.6369444 | HV21: =HE21 -> 41.8025 | HW21: =HJ21 | HX21: =HO21 | HY21: =HT21 | HZ21: =(GS21-GU21)*GT21/GY21 -> #VALUE! | IA21: =(HA21-HC21)*HB21/GY21 -> #VALUE! | IB21: =(HF21-HH21)*HG21/GY21 -> #VALUE! | IC21: =(HK21-HM21)*HL21/$GY21 -> #VALUE! | ID21: =(HP21-HR21)*HQ21/$GY21 -> #VALUE! | IE21: =HZ21*EXP(DATA!$B$4*'Inputs-new'!HU21) -> #VALUE! | IF21: =IA21*EXP(DATA!$B$4*'Inputs-new'!HV21) -> #VALUE! | IG21: =IB21*EXP(DATA!$B$4*'Inputs-new'!HW21) -> #VALUE! | IH21: =IC21*EXP(DATA!$B$4*'Inputs-new'!HX21) -> #VALUE! | II21: =ID21*EXP(DATA!$B$4*'Inputs-new'!HY21) -> #VALUE! | IJ21: {=LOGEST(IF21:IH21, HV21:HX21, TRUE, FALSE)} -> #VALUE! | IK21: #VALUE! | IL21: =IF(IK21="","",-LN(IJ21)) -> #VALUE! | IM21: =LN(2)/IL21 -> #VALUE! | IN21: =(IM21*DATA!$B$3)/(DATA!$B$3+'Inputs-new'!IM21) -> #VALUE! | IO21: =IK21 -> #VALUE! | IP21: =IO21/I21 -> #VALUE! | IQ21: =IN21/LN(2) -> #VALUE! | IR21: =IQ21*IP21/1000 -> #VALUE! | IS21: =110.01*(GY21^0.0275) -> #VALUE! | IT21: =IS21*IR21 -> #VALUE! | IU21: =IT21/1000 -> #VALUE! | IV21: =(80/IU21)/1000 -> #VALUE!
A22: 21 | B22: tester | C22: F | E22: 170 | F22: 100.5 | G22: =IF(C22 = "M", 65.76+(1.452*(E22-152)), 62.34+(1.247*(E22-152))) -> 84.786 | H22: 60.28 | I22: =Z22*EXP(DATA!$B$4*Y22) -> 87.161095 | J22: =AA22*EXP(DATA!$B$5*'Inputs-new'!Y22) -> 87.161095 | L22: 45635.616 | M22: 45635.616 | N22: 39.6 | O22: 45642.417 | P22: 200 | Q22: 190850.66 | R22: 44.295 | S22: =N22/P22 -> 0.198 | T22: =Q22*EXP((O22-M22)*24*DATA!$B$4) -> 589464.35 | U22: =T22/S22 -> 2977092.7 | V22: 45635.689 | W22: 350 | X22: 246048.61 | Y22: =IF(V22="","",(V22-$L22)*24) -> 1.7441667 | Z22: =IF(W22 = "", "", W22*X22/1000000) -> 86.117013 | AA22: =IF(Z22 = "", "", Z22*EXP(Y22*DATA!$B$4)*EXP(-DATA!$B$5*'Inputs-new'!Y22)) -> 86.615705 | AB22: 45637.303 | AC22: 142.8 | AD22: 255908.82 | AE22: =IF(AB22="","",(AB22-$L22)*24) -> 40.495556 | AF22: =IF(AC22 = "", "", AC22*AD22/1000000) -> 36.543779 | AG22: =IF(AF22 = "", "", AF22*EXP(AE22*DATA!$B$4)*EXP(-DATA!$B$5*'Inputs-new'!AE22)) -> 41.78652 | AH22: 45638.321 | AI22: 94.7 | AJ22: 281243.12 | AK22: =IF(AH22="","",(AH22-$L22)*24) -> 64.928889 | AL22: =IF(AI22 = "", "", AI22*AJ22/1000000) -> 26.633723 | AM22: =IF(AL22 = "", "", AL22*EXP(AK22*DATA!$B$4)*EXP(-DATA!$B$5*'Inputs-new'!AK22)) -> 33.020513 | AQ22: =IF(AN22="","",(AN22-$L22)*24) | AR22: =IF(AO22 = "", "", AO22*AP22/1000000) | AS22: =IF(AR22 = "", "", AR22*EXP(AQ22*DATA!$B$4)*EXP(-DATA!$B$5*'Inputs-new'!AQ22)) | AW22: =IF(AT22="","",(AT22-$L22)*24) | AX22: =IF(AU22 = "", "", AU22*AV22/1000000) | AY22: =IF(AX22 = "", "", AX22*EXP(AW22*DATA!$B$4)*EXP(-DATA!$B$5*'Inputs-new'!AW22)) | AZ22: 45635.677 | BA22: 45642.424 | BB22: 4102.96 | BC22: =IF(AZ22 = "", "", 24*(AZ22-$L22)) -> 1.4666667 | BD22: =IF(BB22 = "", "", BB22*EXP(DATA!$B$4*(BA22-AZ22)*24)) -> 12559.15 | BE22: =IF(BD22 = "", "", BD22*EXP(BC22*DATA!$B$4)*EXP(-BC22*DATA!$B$5)) -> 12620.279 | BF22: =BD22*$S22/$T22 -> 0.0042185956 | BG22: =BE22*$S22/$T22 -> 0.0042391288 | BH22: 45637.34 | BI22: 45642.429 | BJ22: 2946.27 | BK22: =IF(BH22 = "", "", 24*(BH22-$L22)) -> 41.383333 | BL22: =IF(BJ22 = "", "", BJ22*EXP(DATA!$B$4*(BI22-BH22)*24)) -> 6851.0598 | BM22: =IF(BL22 = "", "", BL22*EXP(BK22*DATA!$B$4)*EXP(-BK22*DATA!$B$5)) -> 7857.0029 | BN22: =BL22*$S22/$T22 -> 0.0023012585 | BO22: =BM22*($S22/$T22) -> 0.0026391529 | BP22: 45638.297 | BQ22: 45642.433 | BR22: 2068.15 | BS22: =IF(BP22 = "", "", 24*(BP22-$L22)) -> 64.35 | BT22: =IF(BR22 = "", "", BR22*EXP(DATA!$B$4*(BQ22-BP22)*24)) -> 4106.3059 | BU22: =IF(BT22 = "", "", BT22*EXP(BS22*DATA!$B$4)*EXP(-BS22*DATA!$B$5)) -> 5081.2542 | BV22: =BT22*$S22/$T22 -> 0.0013793006 | BW22: =BU22*$S22/$T22 -> 0.001706784 | CA22: =IF(BX22 = "", "", 24*(BX22-$L22)) | CB22: =IF(BZ22 = "", "", BZ22*EXP(DATA!$B$4*(BY22-BX22)*24)) | CC22: =IF(CB22 = "", "", CB22*EXP(CA22*DATA!$B$4)*EXP(-CA22*DATA!$B$5)) | CD22: =CB22*$S22/$T22 -> #VALUE! | CE22: =CC22*($S22/$T22) -> #VALUE! | CI22: =IF(CF22 = "", "", 24*(CF22-$L22)) | CJ22: =IF(CH22 = "", "", CH22*EXP(DATA!$B$4*(CG22-CF22)*24)) | CK22: =IF(CJ22 = "", "", CJ22*EXP(CI22*DATA!$B$4)*EXP(-CI22*DATA!$B$5)) | CL22: =CJ22*$S22/$T22 -> #VALUE! | CM22: =CK22*($S22/$T22) -> #VALUE! | CN22: =AA22 -> 86.615705 | CO22: =AG22 -> 41.78652 | CP22: =AM22 -> 33.020513 | CQ22: =AS22 | CR22: =AY22 | CS22: =Y22 -> 1.7441667 | CT22: =AE22 -> 40.495556 | CU22: =AK22 -> 64.928889 | CV22: =AQ22 | CW22: =AW22 | CX22: {=LOGEST(CN22:CO22,CS22:CT22,TRUE,TRUE)} -> 0.98136596 | CY22: 89.504477 | CZ22: 0 | DA22: 2 | DB22: 4 | DC22: 10 | DD22: 18 | DE22: 24 | DF22: 26 | DG22: 34 | DH22: 42 | DI22: 48 | DJ22: 50 | DK22: 58 | DL22: 66 | DM22: 74 | DN22: =($CY22*$CX22^CZ22)/$J22 -> 1.0268856 | DO22: =($CY22*$CX22^DA22)/$J22 -> 0.98897216 | DP22: =($CY22*$CX22^DB22)/$J22 -> 0.95245847 | DQ22: =($CY22*$CX22^DC22)/$J22 -> 0.85080884 | DR22: =($CY22*$CX22^DD22)/$J22 -> 0.73194749 | DS22: =($CY22*$CX22^DE22)/$J22 -> 0.65383154 | DT22: =($CY22*$CX22^DF22)/$J22 -> 0.62969153 | DU22: =($CY22*$CX22^DG22)/$J22 -> 0.54172114 | ... EA22: =($CY22*$CX22^DM22)/$J22 -> 0.2552792 | EB22: {=LOGEST(DN22:EA22,CZ22:DM22,TRUE,TRUE)} -> 0.98136596 | EC22: 1.0268856 | ED22: =-LN(DW22/DN22)/DI22 -> 0.018809838 | EE22: =LN(2)/ED22 -> 36.850247 | EF22: =(EC22*EE22)/LN(2) -> 54.593008 | EG22: =BG22 -> 0.0042391288 | EH22: =BO22 -> 0.0026391529 | EI22: =BW22 -> 0.001706784 | EJ22: =CE22 -> #VALUE! | EK22: =CM22 -> #VALUE! | EL22: =BC22 -> 1.4666667 | EM22: =BK22 -> 41.383333 | EN22: =BS22 -> 64.35 | EO22: =CA22 | EP22: =CI22 | EQ22: {=LOGEST(EG22:EI22, EL22:EN22, TRUE, TRUE)} -> 0.98592182 | ER22: 0.0044361063 | ES22: 0 | ET22: 2 | EU22: 4 | EV22: 10 | EW22: 18 | EX22: 24 | EY22: 26 | EZ22: 34 | FA22: 42 | FB22: 48 | FC22: 50 | FD22: 58 | FE22: 66 | FF22: 72 | FG22: 78 | FH22: 84 | FI22: 90 | FJ22: 96 | FK22: =($ER22*$EQ22^ES22)/$I22 -> 5.0895487e-05 | FL22: =($ER22*$EQ22^ET22)/$I22 -> 4.9472543e-05 | FM22: =($ER22*$EQ22^EU22)/$I22 -> 4.8089382e-05 | FN22: =($ER22*$EQ22^EV22)/$I22 -> 4.4167628e-05 | FO22: =($ER22*$EQ22^EW22)/$I22 -> 3.9431556e-05 | FP22: =($ER22*$EQ22^EX22)/$I22 -> 3.621586e-05 | FQ22: =($ER22*$EQ22^EY22)/$I22 -> 3.5203331e-05 | FR22: =($ER22*$EQ22^EZ22)/$I22 -> 3.1428496e-05 | ... GB22: =($ER22*$EQ22^FJ22)/$I22 -> 1.3048404e-05 | GC22: {=LOGEST(FK22:GB22, ES22:FJ22, TRUE, TRUE)} -> 0.98592182 | GD22: 5.0895487e-05 | GE22: =-LN(FT22/FK22)/FB22 -> 0.014178213 | GF22: =LN(2)/GE22 -> 48.88819 | GG22: =(GF22*DATA!$B$3)/(DATA!$B$3+GF22) -> 38.991194 | GH22: =(GG22*GD22)/LN(2) -> 0.0028629934 | GI22: =DATA!$B$6/DW22 -> 7.1102039 | GK22: =IF(G22<F22, 0.0188*(G22^(-2/3)), 0.0188*F22^(-2/3)) -> 0.00097411093 | GL22: =GK22*EF22 + GH22*DATA!$B$8 -> 0.36238293 | GM22: =DATA!$B$7/GL22 -> 5.5190237 | GO22: =GI22 -> 7.1102039 | GP22: =ROUNDDOWN(GO22*27.027,0) -> 192 | GQ22: =GM22 -> 5.5190237 | GR22: =ROUNDDOWN(GQ22 * 27.027,0) -> 149 | GV22: =V22 -> 45635.689 | GW22: =Y22 -> 1.7441667 | GY22: =IF(GX22 = "", "", 0.001 * 4/3 *3.14159265*(GX22/2)^3) | GZ22: =IF(GS22="","",((GS22-GU22)*GT22/GY22)) | HD22: =AB22 -> 45637.303 | HE22: =AE22 -> 40.495556 | HI22: =AH22 -> 45638.321 | HJ22: =AK22 -> 64.928889 | HN22: =AN22 -> 0 | HO22: =AQ22 | HS22: =AT22 -> 0 | HT22: =AW22 | HU22: =GW22 -> 1.7441667 | HV22: =HE22 -> 40.495556 | HW22: =HJ22 -> 64.928889 | HX22: =HO22 | HY22: =HT22 | HZ22: =(GS22-GU22)*GT22/GY22 -> #VALUE! | IA22: =(HA22-HC22)*HB22/GY22 -> #VALUE! | IB22: =(HF22-HH22)*HG22/GY22 -> #VALUE! | IC22: =(HK22-HM22)*HL22/$GY22 -> #VALUE! | ID22: =(HP22-HR22)*HQ22/$GY22 -> #VALUE! | IE22: =HZ22*EXP(DATA!$B$4*'Inputs-new'!HU22) -> #VALUE! | IF22: =IA22*EXP(DATA!$B$4*'Inputs-new'!HV22) -> #VALUE! | IG22: =IB22*EXP(DATA!$B$4*'Inputs-new'!HW22) -> #VALUE! | IH22: =IC22*EXP(DATA!$B$4*'Inputs-new'!HX22) -> #VALUE! | II22: =ID22*EXP(DATA!$B$4*'Inputs-new'!HY22) -> #VALUE! | IJ22: {=LOGEST(IF22:IH22, HV22:HX22, TRUE, FALSE)} -> #VALUE! | IK22: #VALUE! | IL22: =IF(IK22="","",-LN(IJ22)) -> #VALUE! | IM22: =LN(2)/IL22 -> #VALUE! | IN22: =(IM22*DATA!$B$3)/(DATA!$B$3+'Inputs-new'!IM22) -> #VALUE! | IO22: =IK22 -> #VALUE! | IP22: =IO22/I22 -> #VALUE! | IQ22: =IN22/LN(2) -> #VALUE! | IR22: =IQ22*IP22/1000 -> #VALUE! | IS22: =110.01*(GY22^0.0275) -> #VALUE! | IT22: =IS22*IR22 -> #VALUE! | IU22: =IT22/1000 -> #VALUE! | IV22: =(80/IU22)/1000 -> #VALUE!
A23: 22 | C23: M | E23: 171.5 | F23: 59 | G23: =IF(C23 = "M", 65.76+(1.452*(E23-152)), 62.34+(1.247*(E23-152))) -> 94.074 | H23: 59 | I23: =Z23*EXP(DATA!$B$4*Y23) -> 77.992981 | J23: =AA23*EXP(DATA!$B$5*'Inputs-new'!Y23) -> 77.992981 | L23: 45691.631 | M23: 45691.652 | N23: 10.28 | O23: 45694.599 | P23: 200 | Q23: 282091.12 | R23: 29.88 | S23: =N23/P23 -> 0.0514 | T23: =Q23*EXP((O23-M23)*24*DATA!$B$4) -> 459873.91 | U23: =T23/S23 -> 8946963.1 | V23: 45691.721 | W23: 402.7 | X23: 190780.89 | Y23: =IF(V23="","",(V23-$L23)*24) -> 2.1791667 | Z23: =IF(W23 = "", "", W23*X23/1000000) -> 76.827464 | AA23: =IF(Z23 = "", "", Z23*EXP(Y23*DATA!$B$4)*EXP(-DATA!$B$5*'Inputs-new'!Y23)) -> 77.383721 | AB23: 45692.305 | AC23: 273.2 | AD23: 200814.87 | AE23: =IF(AB23="","",(AB23-$L23)*24) -> 16.1925 | AF23: =IF(AC23 = "", "", AC23*AD23/1000000) -> 54.862622 | AG23: =IF(AF23 = "", "", AF23*EXP(AE23*DATA!$B$4)*EXP(-DATA!$B$5*'Inputs-new'!AE23)) -> 57.883853 | AH23: 45693.299 | AI23: 187.7 | AJ23: 190503.41 | AK23: =IF(AH23="","",(AH23-$L23)*24) -> 40.048333 | AL23: =IF(AI23 = "", "", AI23*AJ23/1000000) -> 35.75749 | AM23: =IF(AL23 = "", "", AL23*EXP(AK23*DATA!$B$4)*EXP(-DATA!$B$5*'Inputs-new'!AK23)) -> 40.826935 | AN23: 45694.313 | AO23: 147.1 | AP23: 185304.85 | AQ23: =IF(AN23="","",(AN23-$L23)*24) -> 64.38 | AR23: =IF(AO23 = "", "", AO23*AP23/1000000) -> 27.258343 | AS23: =IF(AR23 = "", "", AR23*EXP(AQ23*DATA!$B$4)*EXP(-DATA!$B$5*'Inputs-new'!AQ23)) -> 33.733563 | AW23: =IF(AT23="","",(AT23-$L23)*24) | AZ23: 45691.705 | BA23: 45694.576 | BB23: 8522.61 | BC23: =IF(AZ23 = "", "", 24*(AZ23-$L23)) -> 1.7833333 | BD23: =IF(BB23 = "", "", BB23*EXP(DATA!$B$4*(BA23-AZ23)*24)) -> 13718.944 | BE23: =IF(BD23 = "", "", BD23*EXP(BC23*DATA!$B$4)*EXP(-BC23*DATA!$B$5)) -> 13800.178 | BF23: =BD23*$S23/$T23 -> 0.0015333632 | BG23: =BE23*$S23/$T23 -> 0.0015424427 | BH23: 45692.34 | BI23: 45694.581 | BJ23: 5059.9 | BK23: =IF(BH23 = "", "", 24*(BH23-$L23)) -> 17.033333 | BL23: =IF(BJ23 = "", "", BJ23*EXP(DATA!$B$4*(BI23-BH23)*24)) -> 7337.1848 | BM23: =IF(BL23 = "", "", BL23*EXP(BK23*DATA!$B$4)*EXP(-BK23*DATA!$B$5)) -> 7762.8151 | BN23: =BL23*$S23/$T23 -> 0.00082007545 | BO23: =BM23*($S23/$T23) -> 0.00086764805 | BP23: 45693.347 | BQ23: 45694.588 | BR23: 2015.9825 | BS23: =IF(BP23 = "", "", 24*(BP23-$L23)) -> 41.2 | BT23: =IF(BR23 = "", "", BR23*EXP(DATA!$B$4*(BQ23-BP23)*24)) -> 2476.3243 | BU23: =IF(BT23 = "", "", BT23*EXP(BS23*DATA!$B$4)*EXP(-BS23*DATA!$B$5)) -> 2838.2006 | BV23: =BT23*$S23/$T23 -> 0.0002767782 | BW23: =BU23*$S23/$T23 -> 0.00031722503 | BX23: 45694.3 | BY23: 45694.593 | BZ23: 1241.82 | CA23: =IF(BX23 = "", "", 24*(BX23-$L23)) -> 64.066667 | CB23: =IF(BZ23 = "", "", BZ23*EXP(DATA!$B$4*(BY23-BX23)*24)) -> 1303.6576 | CC23: =IF(CB23 = "", "", CB23*EXP(CA23*DATA!$B$4)*EXP(-CA23*DATA!$B$5)) -> 1611.6689 | CD23: =CB23*$S23/$T23 -> 0.00014570951 | CE23: =CC23*($S23/$T23) -> 0.00018013586 | CI23: =IF(CF23 = "", "", 24*(CF23-$L23)) | CN23: =AA23 -> 77.383721 | CO23: =AG23 -> 57.883853 | CP23: =AM23 -> 40.826935 | CQ23: =AS23 -> 33.733563 | CR23: =AY23 -> 0 | CS23: =Y23 -> 2.1791667 | CT23: =AE23 -> 16.1925 | CU23: =AK23 -> 40.048333 | CV23: =AQ23 -> 64.38 | CW23: =AW23 | CX23: {=LOGEST(CN23:CQ23,CS23:CV23,TRUE,TRUE)} -> 0.98684848 | CY23: 74.828052 | CZ23: 0 | DA23: 2 | DB23: 4 | DC23: 10 | DD23: 18 | DE23: 24 | DF23: 26 | DG23: 34 | DH23: 42 | DI23: 48 | DJ23: 50 | DK23: 58 | DL23: 66 | DM23: 74 | DN23: =($CY23*$CX23^CZ23)/$J23 -> 0.95942034 | DO23: =($CY23*$CX23^DA23)/$J23 -> 0.9343506 | DP23: =($CY23*$CX23^DB23)/$J23 -> 0.90993594 | DQ23: =($CY23*$CX23^DC23)/$J23 -> 0.84045345 | DR23: =($CY23*$CX23^DD23)/$J23 -> 0.75599246 | DS23: =($CY23*$CX23^DE23)/$J23 -> 0.69826506 | DT23: =($CY23*$CX23^DF23)/$J23 -> 0.68001933 | DU23: =($CY23*$CX23^DG23)/$J23 -> 0.61168109 | ... EA23: =($CY23*$CX23^DM23)/$J23 -> 0.36020027 | EB23: {=LOGEST(DN23:EA23,CZ23:DM23,TRUE,TRUE)} -> 0.98684848 | EC23: 0.95942034 | ED23: =-LN(DW23/DN23)/DI23 -> 0.013238772 | EE23: =LN(2)/ED23 -> 52.357364 | EF23: =(EC23*EE23)/LN(2) -> 72.470496 | EG23: =BG23 -> 0.0015424427 | EH23: =BO23 -> 0.00086764805 | EI23: =BW23 -> 0.00031722503 | EJ23: =CE23 -> 0.00018013586 | EK23: =CM23 -> 0 | EL23: =BC23 -> 1.7833333 | EM23: =BK23 -> 17.033333 | EN23: =BS23 -> 41.2 | EO23: =CA23 -> 64.066667 | EP23: =CI23 | EQ23: {=LOGEST(EG23:EJ23, EL23:EO23, TRUE, TRUE)} -> 0.96543364 | ER23: 0.0015660407 | ES23: 0 | ET23: 2 | EU23: 4 | EV23: 10 | EW23: 18 | EX23: 24 | EY23: 26 | EZ23: 34 | FA23: 42 | FB23: 48 | FC23: 50 | FD23: 58 | FE23: 66 | FF23: 72 | FG23: 78 | FH23: 84 | FI23: 90 | FJ23: 96 | FK23: =($ER23*$EQ23^ES23)/$I23 -> 2.0079251e-05 | FL23: =($ER23*$EQ23^ET23)/$I23 -> 1.8715109e-05 | FM23: =($ER23*$EQ23^EU23)/$I23 -> 1.7443645e-05 | FN23: =($ER23*$EQ23^EV23)/$I23 -> 1.4124458e-05 | FO23: =($ER23*$EQ23^EW23)/$I23 -> 1.0659854e-05 | FP23: =($ER23*$EQ23^EX23)/$I23 -> 8.6314909e-06 | FQ23: =($ER23*$EQ23^EY23)/$I23 -> 8.0450857e-06 | FR23: =($ER23*$EQ23^EZ23)/$I23 -> 6.0716973e-06 | ... GB23: =($ER23*$EQ23^FJ23)/$I23 -> 6.8564725e-07 | GC23: {=LOGEST(FK23:GB23, ES23:FJ23, TRUE, TRUE)} -> 0.96543364 | GD23: 2.0079251e-05 | GE23: =-LN(FT23/FK23)/FB23 -> 0.035177906 | GF23: =LN(2)/GE23 -> 19.704049 | GG23: =(GF23*DATA!$B$3)/(DATA!$B$3+GF23) -> 17.875347 | GH23: =(GG23*GD23)/LN(2) -> 0.00051781728 | GI23: =DATA!$B$6/DW23 -> 5.8245183 | GK23: =IF(G23<F23, 0.0188*(G23^(-2/3)), 0.0188*F23^(-2/3)) -> 0.0012404802 | GL23: =GK23*EF23 + GH23*DATA!$B$8 -> 0.14582248 | GM23: =DATA!$B$7/GL23 -> 13.715306 | GO23: =GI23 -> 5.8245183 | GP23: =ROUNDDOWN(GO23*27.027,0) -> 157 | GQ23: =GM23 -> 13.715306 | GR23: =ROUNDDOWN(GQ23 * 27.027,0) -> 370 | GS23: 16.7 | GT23: 15.13 | GU23: 0.092 | GV23: =V23 -> 45691.721 | GW23: =Y23 -> 2.1791667 | GX23: 8 | GY23: =IF(GX23 = "", "", 0.001 * 4/3 *3.14159265*(GX23/2)^3) -> 0.26808257 | GZ23: =IF(GS23="","",((GS23-GU23)*GT23/GY23)) -> 937.31956 | HA23: 37.5 | HB23: 26.33 | HC23: 0.0379 | HD23: =AB23 -> 45692.305 | HE23: =AE23 -> 16.1925 | HF23: 43.3 | HG23: 27.22 | HH23: 0.089 | HI23: =AH23 -> 45693.299 | HJ23: =AK23 -> 40.048333 | HK23: 37.7 | HL23: 28.96 | HM23: 0.004 | HN23: =AN23 -> 45694.313 | HO23: =AQ23 -> 64.38 | HS23: =AT23 -> 0 | HT23: =AW23 | HU23: =GW23 -> 2.1791667 | HV23: =HE23 -> 16.1925 | HW23: =HJ23 -> 40.048333 | HX23: =HO23 -> 64.38 | HY23: =HT23 | HZ23: =(GS23-GU23)*GT23/GY23 -> 937.31956 | IA23: =(HA23-HC23)*HB23/GY23 -> 3679.3779 | IB23: =(HF23-HH23)*HG23/GY23 -> 4387.4669 | IC23: =(HK23-HM23)*HL23/$GY23 -> 4072.1638 | ID23: =(HP23-HR23)*HQ23/$GY23 -> 0 | IE23: =HZ23*EXP(DATA!$B$4*'Inputs-new'!HU23) -> 951.53924 | IF23: =IA23*EXP(DATA!$B$4*'Inputs-new'!HV23) -> 4114.937 | IG23: =IB23*EXP(DATA!$B$4*'Inputs-new'!HW23) -> 5786.1115 | IH23: =IC23*EXP(DATA!$B$4*'Inputs-new'!HX23) -> 6353.458 | II23: =ID23*EXP(DATA!$B$4*'Inputs-new'!HY23) -> #VALUE! | IJ23: {=LOGEST(IF23:IH23, HV23:HX23, TRUE, FALSE)} -> 1.0090377 | IK23: 3710.9279 | IL23: =IF(IK23="","",-LN(IJ23)) -> -0.0089970971 | IM23: =LN(2)/IL23 -> -77.041202 | IN23: =(IM23*DATA!$B$3)/(DATA!$B$3+'Inputs-new'!IM23) -> -128.40121 | IO23: =IK23 -> 3710.9279 | IP23: =IO23/I23 -> 47.580281 | IQ23: =IN23/LN(2) -> -185.24378 | IR23: =IQ23*IP23/1000 -> -8.8139513 | IS23: =110.01*(GY23^0.0275) -> 106.09857 | IT23: =IS23*IR23 -> -935.14767 | IU23: =IT23/1000 -> -0.93514767 | IV23: =(80/IU23)/1000 -> -0.085547986
A24: 23 | B24: abcd | C24: F | E24: 171 | F24: 74.1 | G24: =IF(C24 = "M", 65.76+(1.452*(E24-152)), 62.34+(1.247*(E24-152))) -> 86.033 | H24: 68.1 | I24: =Z24*EXP(DATA!$B$4*Y24) -> 97.198127 | J24: =AA24*EXP(DATA!$B$5*'Inputs-new'!Y24) -> 97.198127 | L24: 45691.618 | M24: 45691.652 | N24: 10.28 | O24: 45700.725 | P24: 200 | Q24: 53157.66 | R24: 11.6875 | S24: =N24/P24 -> 0.0514 | T24: =Q24*EXP((O24-M24)*24*DATA!$B$4) -> 239313.82 | U24: =T24/S24 -> 4655911 | V24: 45691.688 | W24: 478.9 | X24: 200616.61 | Y24: =IF(V24="","",(V24-$L24)*24) -> 1.6816667 | Z24: =IF(W24 = "", "", W24*X24/1000000) -> 96.075295 | AA24: =IF(Z24 = "", "", Z24*EXP(Y24*DATA!$B$4)*EXP(-DATA!$B$5*'Inputs-new'!Y24)) -> 96.611662 | AB24: 45693.341 | AC24: 205.1 | AD24: 211607.26 | AE24: =IF(AB24="","",(AB24-$L24)*24) -> 41.350833 | AF24: =IF(AC24 = "", "", AC24*AD24/1000000) -> 43.400649 | AG24: =IF(AF24 = "", "", AF24*EXP(AE24*DATA!$B$4)*EXP(-DATA!$B$5*'Inputs-new'!AE24)) -> 49.767824 | AH24: 45695.305 | AI24: 137 | AJ24: 208252.01 | AK24: =IF(AH24="","",(AH24-$L24)*24) -> 88.485556 | AL24: =IF(AI24 = "", "", AI24*AJ24/1000000) -> 28.530525 | AM24: =IF(AL24 = "", "", AL24*EXP(AK24*DATA!$B$4)*EXP(-DATA!$B$5*'Inputs-new'!AK24)) -> 38.241106 | AQ24: =IF(AN24="","",(AN24-$L24)*24) | AR24: =IF(AO24 = "", "", AO24*AP24/1000000) | AS24: =IF(AR24 = "", "", AR24*EXP(AQ24*DATA!$B$4)*EXP(-DATA!$B$5*'Inputs-new'!AQ24)) | AZ24: 45691.674 | BA24: 45700.705 | BB24: 4960.045 | BC24: =IF(AZ24 = "", "", 24*(AZ24-$L24)) -> 1.3333333 | BD24: =IF(BB24 = "", "", BB24*EXP(DATA!$B$4*(BA24-AZ24)*24)) -> 22176.186 | BE24: =IF(BD24 = "", "", BD24*EXP(BC24*DATA!$B$4)*EXP(-BC24*DATA!$B$5)) -> 22274.289 | BF24: =BD24*$S24/$T24 -> 0.0047630176 | BG24: =BE24*$S24/$T24 -> 0.0047840884 | BH24: 45693.323 | BI24: 45700.71 | BJ24: 735.0375 | BK24: =IF(BH24 = "", "", 24*(BH24-$L24)) -> 40.916667 | BL24: =IF(BJ24 = "", "", BJ24*EXP(DATA!$B$4*(BI24-BH24)*24)) -> 2502.2644 | BM24: =IF(BL24 = "", "", BL24*EXP(BK24*DATA!$B$4)*EXP(-BK24*DATA!$B$5)) -> 2865.2426 | BN24: =BL24*$S24/$T24 -> 0.00053743821 | BO24: =BM24*($S24/$T24) -> 0.00061539893 | BP24: 45695.295 | BQ24: 45700.717 | BR24: 638.8475 | BS24: =IF(BP24 = "", "", 24*(BP24-$L24)) -> 88.25 | BT24: =IF(BR24 = "", "", BR24*EXP(DATA!$B$4*(BQ24-BP24)*24)) -> 1569.7771 | BU24: =IF(BT24 = "", "", BT24*EXP(BS24*DATA!$B$4)*EXP(-BS24*DATA!$B$5)) -> 2102.4225 | BV24: =BT24*$S24/$T24 -> 0.00033715788 | BW24: =BU24*$S24/$T24 -> 0.00045155985 | CA24: =IF(BX24 = "", "", 24*(BX24-$L24)) | CB24: =IF(BZ24 = "", "", BZ24*EXP(DATA!$B$4*(BY24-BX24)*24)) | CC24: =IF(CB24 = "", "", CB24*EXP(CA24*DATA!$B$4)*EXP(-CA24*DATA!$B$5)) | CD24: =CB24*$S24/$T24 -> #VALUE! | CE24: =CC24*($S24/$T24) -> #VALUE! | CI24: =IF(CF24 = "", "", 24*(CF24-$L24)) | CN24: =AA24 -> 96.611662 | CO24: =AG24 -> 49.767824 | CP24: =AM24 -> 38.241106 | CQ24: =AS24 | CR24: =AY24 -> 0 | CS24: =Y24 -> 1.6816667 | CT24: =AE24 -> 41.350833 | CU24: =AK24 -> 88.485556 | CV24: =AQ24 | CW24: =AW24 -> 0 | CX24: {=LOGEST(CN24:CP24,CS24:CU24,TRUE,TRUE)} -> 0.98953632 | CY24: 90.179079 | CZ24: 0 | DA24: 2 | DB24: 4 | DC24: 10 | DD24: 18 | DE24: 24 | DF24: 26 | DG24: 34 | DH24: 42 | DI24: 48 | DJ24: 50 | DK24: 58 | DL24: 66 | DM24: 74 | DN24: =($CY24*$CX24^CZ24)/$J24 -> 0.92778617 | DO24: =($CY24*$CX24^DA24)/$J24 -> 0.90847164 | DP24: =($CY24*$CX24^DB24)/$J24 -> 0.8895592 | DQ24: =($CY24*$CX24^DC24)/$J24 -> 0.83515155 | DR24: =($CY24*$CX24^DD24)/$J24 -> 0.76774891 | DS24: =($CY24*$CX24^DE24)/$J24 -> 0.72079148 | DT24: =($CY24*$CX24^DF24)/$J24 -> 0.70578614 | DU24: =($CY24*$CX24^DG24)/$J24 -> 0.6488242 | ... EA24: =($CY24*$CX24^DM24)/$J24 -> 0.42598727 | EB24: {=LOGEST(DN24:EA24,CZ24:DM24,TRUE,TRUE)} -> 0.98953632 | EC24: 0.92778617 | ED24: =-LN(DW24/DN24)/DI24 -> 0.010518808 | EE24: =LN(2)/ED24 -> 65.895979 | EF24: =(EC24*EE24)/LN(2) -> 88.202592 | EG24: =BG24 -> 0.0047840884 | EH24: =BO24 -> 0.00061539893 | EI24: =BW24 -> 0.00045155985 | EJ24: =CE24 -> #VALUE! | EK24: =CM24 -> 0 | EL24: =BC24 -> 1.3333333 | EM24: =BK24 -> 40.916667 | EN24: =BS24 -> 88.25 | EO24: =CA24 | EP24: =CI24 | EQ24: {=LOGEST(EG24:EI24, EL24:EN24, TRUE, TRUE)} -> 0.97385704 | ER24: 0.0034808245 | ES24: 0 | ET24: 2 | EU24: 4 | EV24: 10 | EW24: 18 | EX24: 24 | EY24: 26 | EZ24: 34 | FA24: 42 | FB24: 48 | FC24: 50 | FD24: 58 | FE24: 66 | FF24: 72 | FG24: 78 | FH24: 84 | FI24: 90 | FJ24: 96 | FK24: =($ER24*$EQ24^ES24)/$I24 -> 3.5811642e-05 | FL24: =($ER24*$EQ24^ET24)/$I24 -> 3.3963673e-05 | FM24: =($ER24*$EQ24^EU24)/$I24 -> 3.2211064e-05 | FN24: =($ER24*$EQ24^EV24)/$I24 -> 2.7477444e-05 | FO24: =($ER24*$EQ24^EW24)/$I24 -> 2.2229925e-05 | FP24: =($ER24*$EQ24^EX24)/$I24 -> 1.8963097e-05 | FQ24: =($ER24*$EQ24^EY24)/$I24 -> 1.7984554e-05 | FR24: =($ER24*$EQ24^EZ24)/$I24 -> 1.4549945e-05 | ... GB24: =($ER24*$EQ24^FJ24)/$I24 -> 2.8155573e-06 | GC24: {=LOGEST(FK24:GB24, ES24:FJ24, TRUE, TRUE)} -> 0.97385704 | GD24: 3.5811642e-05 | GE24: =-LN(FT24/FK24)/FB24 -> 0.026490759 | GF24: =LN(2)/GE24 -> 26.165622 | GG24: =(GF24*DATA!$B$3)/(DATA!$B$3+GF24) -> 23.036133 | GH24: =(GG24*GD24)/LN(2) -> 0.0011901682 | GI24: =DATA!$B$6/DW24 -> 5.2859167 | GK24: =IF(G24<F24, 0.0188*(G24^(-2/3)), 0.0188*F24^(-2/3)) -> 0.0010656446 | GL24: =GK24*EF24 + GH24*DATA!$B$8 -> 0.22253078 | GM24: =DATA!$B$7/GL24 -> 8.9875208 | GO24: =GI24 -> 5.2859167 | GP24: =ROUNDDOWN(GO24*27.027,0) -> 142 | GQ24: =GM24 -> 8.9875208 | GR24: =ROUNDDOWN(GQ24 * 27.027,0) -> 242 | GS24: 19.7 | GT24: 182.19 | GU24: 0.0453 | GV24: =V24 -> 45691.688 | GW24: =Y24 -> 1.6816667 | GX24: =42.5/2 -> 21.25 | GY24: =IF(GX24 = "", "", 0.001 * 4/3 *3.14159265*(GX24/2)^3) -> 5.0242984 | GZ24: =IF(GS24="","",((GS24-GU24)*GT24/GY24)) -> 712.71439 | HA24: 80.5 | HB24: 253.7 | HC24: 0.118 | HD24: =AB24 -> 45693.341 | HE24: =AE24 -> 41.350833 | HF24: 66.3 | HG24: 230.41 | HH24: 0.0525 | HI24: =AH24 -> 45695.305 | HJ24: =AK24 -> 88.485556 | HN24: =AN24 -> 0 | HO24: =AQ24 | HS24: =AT24 -> 0 | HT24: =AW24 -> 0 | HU24: =GW24 -> 1.6816667 | HV24: =HE24 -> 41.350833 | HW24: =HJ24 -> 88.485556 | HX24: =HO24 | HY24: =HT24 -> 0 | HZ24: =(GS24-GU24)*GT24/GY24 -> 712.71439 | IA24: =(HA24-HC24)*HB24/GY24 -> 4058.8579 | IB24: =(HF24-HH24)*HG24/GY24 -> 3038.0533 | IC24: =(HK24-HM24)*HL24/$GY24 -> 0 | ID24: =(HP24-HR24)*HQ24/$GY24 -> 0 | IE24: =HZ24*EXP(DATA!$B$4*'Inputs-new'!HU24) -> 721.04389 | IF24: =IA24*EXP(DATA!$B$4*'Inputs-new'!HV24) -> 5401.1371 | IG24: =IB24*EXP(DATA!$B$4*'Inputs-new'!HW24) -> 5599.0429 | IH24: =IC24*EXP(DATA!$B$4*'Inputs-new'!HX24) -> #VALUE! | II24: =ID24*EXP(DATA!$B$4*'Inputs-new'!HY24) -> 0 | IJ24: {=LOGEST(IF24:IG24, HV24:HW24, TRUE, FALSE)} -> 1.0007638 | IK24: 5233.285 | IL24: =IF(IK24="","",-LN(IJ24)) -> -0.00076347481 | IM24: =LN(2)/IL24 -> -907.8848 | IN24: =(IM24*DATA!$B$3)/(DATA!$B$3+'Inputs-new'!IM24) -> 244.46786 | IO24: =IK24 -> 5233.285 | IP24: =IO24/I24 -> 53.841418 | IQ24: =IN24/LN(2) -> 352.69257 | IR24: =IQ24*IP24/1000 -> 18.989468 | IS24: =110.01*(GY24^0.0275) -> 115.00368 | IT24: =IS24*IR24 -> 2183.8587 | IU24: =IT24/1000 -> 2.1838587 | IV24: =(80/IU24)/1000 -> 0.036632407
A25: 24 | C25: F | E25: 171 | F25: 74.1 | G25: =IF(C25 = "M", 65.76+(1.452*(E25-152)), 62.34+(1.247*(E25-152))) -> 86.033 | H25: 68.1 | I25: =Z25*EXP(DATA!$B$4*Y25) -> 97.198127 | J25: =AA25*EXP(DATA!$B$5*'Inputs-new'!Y25) -> 97.198127 | L25: 45691.618 | M25: 45691.652 | N25: 10.28 | O25: 45700.725 | P25: 200 | Q25: 53157.66 | R25: 11.6875 | S25: =N25/P25 -> 0.0514 | T25: =Q25*EXP((O25-M25)*24*DATA!$B$4) -> 239313.82 | U25: =T25/S25 -> 4655911 | V25: 45691.688 | W25: 478.9 | X25: 200616.61 | Y25: =IF(V25="","",(V25-$L25)*24) -> 1.6816667 | Z25: =IF(W25 = "", "", W25*X25/1000000) -> 96.075295 | AA25: =IF(Z25 = "", "", Z25*EXP(Y25*DATA!$B$4)*EXP(-DATA!$B$5*'Inputs-new'!Y25)) -> 96.611662 | AB25: 45693.341 | AC25: 205.1 | AD25: 211607.26 | AE25: =IF(AB25="","",(AB25-$L25)*24) -> 41.350833 | AF25: =IF(AC25 = "", "", AC25*AD25/1000000) -> 43.400649 | AG25: =IF(AF25 = "", "", AF25*EXP(AE25*DATA!$B$4)*EXP(-DATA!$B$5*'Inputs-new'!AE25)) -> 49.767824 | AH25: 45695.305 | AI25: 137 | AJ25: 208252.01 | AK25: =IF(AH25="","",(AH25-$L25)*24) -> 88.485556 | AL25: =IF(AI25 = "", "", AI25*AJ25/1000000) -> 28.530525 | AM25: =IF(AL25 = "", "", AL25*EXP(AK25*DATA!$B$4)*EXP(-DATA!$B$5*'Inputs-new'!AK25)) -> 38.241106 | AQ25: =IF(AN25="","",(AN25-$L25)*24) | AR25: =IF(AO25 = "", "", AO25*AP25/1000000) | AS25: =IF(AR25 = "", "", AR25*EXP(AQ25*DATA!$B$4)*EXP(-DATA!$B$5*'Inputs-new'!AQ25)) | AZ25: 45691.674 | BA25: 45700.705 | BB25: 4960.045 | BC25: =IF(AZ25 = "", "", 24*(AZ25-$L25)) -> 1.3333333 | BD25: =IF(BB25 = "", "", BB25*EXP(DATA!$B$4*(BA25-AZ25)*24)) -> 22176.186 | BE25: =IF(BD25 = "", "", BD25*EXP(BC25*DATA!$B$4)*EXP(-BC25*DATA!$B$5)) -> 22274.289 | BF25: =BD25*$S25/$T25 -> 0.0047630176 | BG25: =BE25*$S25/$T25 -> 0.0047840884 | BH25: 45693.323 | BI25: 45700.71 | BJ25: 735.0375 | BK25: =IF(BH25 = "", "", 24*(BH25-$L25)) -> 40.916667 | BL25: =IF(BJ25 = "", "", BJ25*EXP(DATA!$B$4*(BI25-BH25)*24)) -> 2502.2644 | BM25: =IF(BL25 = "", "", BL25*EXP(BK25*DATA!$B$4)*EXP(-BK25*DATA!$B$5)) -> 2865.2426 | BN25: =BL25*$S25/$T25 -> 0.00053743821 | BO25: =BM25*($S25/$T25) -> 0.00061539893 | BP25: 45695.295 | BQ25: 45700.717 | BR25: 638.8475 | BS25: =IF(BP25 = "", "", 24*(BP25-$L25)) -> 88.25 | BT25: =IF(BR25 = "", "", BR25*EXP(DATA!$B$4*(BQ25-BP25)*24)) -> 1569.7771 | BU25: =IF(BT25 = "", "", BT25*EXP(BS25*DATA!$B$4)*EXP(-BS25*DATA!$B$5)) -> 2102.4225 | BV25: =BT25*$S25/$T25 -> 0.00033715788 | BW25: =BU25*$S25/$T25 -> 0.00045155985 | CA25: =IF(BX25 = "", "", 24*(BX25-$L25)) | CB25: =IF(BZ25 = "", "", BZ25*EXP(DATA!$B$4*(BY25-BX25)*24)) | CC25: =IF(CB25 = "", "", CB25*EXP(CA25*DATA!$B$4)*EXP(-CA25*DATA!$B$5)) | CD25: =CB25*$S25/$T25 -> #VALUE! | CE25: =CC25*($S25/$T25) -> #VALUE! | CI25: =IF(CF25 = "", "", 24*(CF25-$L25)) | CN25: =AA25 -> 96.611662 | CO25: =AG25 -> 49.767824 | CP25: =AM25 -> 38.241106 | CQ25: =AS25 | CR25: =AY25 -> 0 | CS25: =Y25 -> 1.6816667 | CT25: =AE25 -> 41.350833 | CU25: =AK25 -> 88.485556 | CV25: =AQ25 | CW25: =AW25 -> 0 | CX25: {=LOGEST(CN25:CP25,CS25:CU25,TRUE,TRUE)} -> 0.98953632 | CY25: 90.179079 | CZ25: 0 | DA25: 2 | DB25: 4 | DC25: 10 | DD25: 18 | DE25: 24 | DF25: 26 | DG25: 34 | DH25: 42 | DI25: 48 | DJ25: 50 | DK25: 58 | DL25: 66 | DM25: 74 | DN25: =($CY25*$CX25^CZ25)/$J25 -> 0.92778617 | DO25: =($CY25*$CX25^DA25)/$J25 -> 0.90847164 | DP25: =($CY25*$CX25^DB25)/$J25 -> 0.8895592 | DQ25: =($CY25*$CX25^DC25)/$J25 -> 0.83515155 | DR25: =($CY25*$CX25^DD25)/$J25 -> 0.76774891 | DS25: =($CY25*$CX25^DE25)/$J25 -> 0.72079148 | DT25: =($CY25*$CX25^DF25)/$J25 -> 0.70578614 | DU25: =($CY25*$CX25^DG25)/$J25 -> 0.6488242 | ... EA25: =($CY25*$CX25^DM25)/$J25 -> 0.42598727 | EB25: {=LOGEST(DN25:EA25,CZ25:DM25,TRUE,TRUE)} -> 0.98953632 | EC25: 0.92778617 | ED25: =-LN(DW25/DN25)/DI25 -> 0.010518808 | EE25: =LN(2)/ED25 -> 65.895979 | EF25: =(EC25*EE25)/LN(2) -> 88.202592 | EG25: =BG25 -> 0.0047840884 | EH25: =BO25 -> 0.00061539893 | EI25: =BW25 -> 0.00045155985 | EJ25: =CE25 -> #VALUE! | EK25: =CM25 -> 0 | EL25: =BC25 -> 1.3333333 | EM25: =BK25 -> 40.916667 | EN25: =BS25 -> 88.25 | EO25: =CA25 | EP25: =CI25 | EQ25: {=LOGEST(EG25:EI25, EL25:EN25, TRUE, TRUE)} -> 0.97385704 | ER25: 0.0034808245 | ES25: 0 | ET25: 2 | EU25: 4 | EV25: 10 | EW25: 18 | EX25: 24 | EY25: 26 | EZ25: 34 | FA25: 42 | FB25: 48 | FC25: 50 | FD25: 58 | FE25: 66 | FF25: 72 | FG25: 78 | FH25: 84 | FI25: 90 | FJ25: 96 | FK25: =($ER25*$EQ25^ES25)/$I25 -> 3.5811642e-05 | FL25: =($ER25*$EQ25^ET25)/$I25 -> 3.3963673e-05 | FM25: =($ER25*$EQ25^EU25)/$I25 -> 3.2211064e-05 | FN25: =($ER25*$EQ25^EV25)/$I25 -> 2.7477444e-05 | FO25: =($ER25*$EQ25^EW25)/$I25 -> 2.2229925e-05 | FP25: =($ER25*$EQ25^EX25)/$I25 -> 1.8963097e-05 | FQ25: =($ER25*$EQ25^EY25)/$I25 -> 1.7984554e-05 | FR25: =($ER25*$EQ25^EZ25)/$I25 -> 1.4549945e-05 | ... GB25: =($ER25*$EQ25^FJ25)/$I25 -> 2.8155573e-06 | GC25: {=LOGEST(FK25:GB25, ES25:FJ25, TRUE, TRUE)} -> 0.97385704 | GD25: 3.5811642e-05 | GE25: =-LN(FT25/FK25)/FB25 -> 0.026490759 | GF25: =LN(2)/GE25 -> 26.165622 | GG25: =(GF25*DATA!$B$3)/(DATA!$B$3+GF25) -> 23.036133 | GH25: =(GG25*GD25)/LN(2) -> 0.0011901682 | GI25: =DATA!$B$6/DW25 -> 5.2859167 | GK25: =IF(G25<F25, 0.0188*(G25^(-2/3)), 0.0188*F25^(-2/3)) -> 0.0010656446 | GL25: =GK25*EF25 + GH25*DATA!$B$8 -> 0.22253078 | GM25: =DATA!$B$7/GL25 -> 8.9875208 | GO25: =GI25 -> 5.2859167 | GP25: =ROUNDDOWN(GO25*27.027,0) -> 142 | GQ25: =GM25 -> 8.9875208 | GR25: =ROUNDDOWN(GQ25 * 27.027,0) -> 242 | GS25: 5.52 | GT25: 15.43 | GU25: 0.0453 | GV25: =V25 -> 45691.688 | GW25: =Y25 -> 1.6816667 | GX25: =18.9/2 -> 9.45 | GY25: =IF(GX25 = "", "", 0.001 * 4/3 *3.14159265*(GX25/2)^3) -> 0.44186952 | GZ25: =IF(GS25="","",((GS25-GU25)*GT25/GY25)) -> 191.17549 | HA25: 71.9 | HB25: 288.48 | HC25: 0.118 | HD25: =AB25 -> 45693.341 | HE25: =AE25 -> 41.350833 | HF25: 59.5 | HG25: 260.96 | HH25: 0.0525 | HI25: =AH25 -> 45695.305 | HJ25: =AK25 -> 88.485556 | HN25: =AN25 -> 0 | HO25: =AQ25 | HS25: =AT25 -> 0 | HT25: =AW25 -> 0 | HU25: =GW25 -> 1.6816667 | HV25: =HE25 -> 41.350833 | HW25: =HJ25 -> 88.485556 | HX25: =HO25 | HY25: =HT25 -> 0 | HZ25: =(GS25-GU25)*GT25/GY25 -> 191.17549 | IA25: =(HA25-HC25)*HB25/GY25 -> 46863.769 | IB25: =(HF25-HH25)*HG25/GY25 -> 35108.598 | IC25: =(HK25-HM25)*HL25/$GY25 -> 0 | ID25: =(HP25-HR25)*HQ25/$GY25 -> 0 | IE25: =HZ25*EXP(DATA!$B$4*'Inputs-new'!HU25) -> 193.40976 | IF25: =IA25*EXP(DATA!$B$4*'Inputs-new'!HV25) -> 62361.789 | IG25: =IB25*EXP(DATA!$B$4*'Inputs-new'!HW25) -> 64704.114 | IH25: =IC25*EXP(DATA!$B$4*'Inputs-new'!HX25) -> #VALUE! | II25: =ID25*EXP(DATA!$B$4*'Inputs-new'!HY25) -> 0 | IJ25: {=LOGEST(IF25:IG25, HV25:HW25, TRUE, FALSE)} -> 1.0007826 | IK25: 60376.819 | IL25: =IF(IK25="","",-LN(IJ25)) -> -0.00078226944 | IM25: =LN(2)/IL25 -> -886.07217 | IN25: =(IM25*DATA!$B$3)/(DATA!$B$3+'Inputs-new'!IM25) -> 246.09918 | IO25: =IK25 -> 60376.819 | IP25: =IO25/I25 -> 621.17266 | IQ25: =IN25/LN(2) -> 355.04607 | IR25: =IQ25*IP25/1000 -> 220.54491 | IS25: =110.01*(GY25^0.0275) -> 107.56668 | IT25: =IS25*IR25 -> 23723.283 | IU25: =IT25/1000 -> 23.723283 | IV25: =(80/IU25)/1000 -> 0.0033722145
A26: 25 | C26: F | E26: 161 | F26: 50 | G26: =IF(C26 = "M", 65.76+(1.452*(E26-152)), 62.34+(1.247*(E26-152))) -> 73.563 | H26: 43.37 | I26: =Z26*EXP(DATA!$B$4*Y26) -> 35.754931 | J26: =AA26*EXP(DATA!$B$5*'Inputs-new'!Y26) -> 35.754931 | L26: 45831.615 | M26: 45831.683 | N26: 27.58 | O26: 45854.583 | P26: 200 | Q26: 7199.05 | R26: 2.08 | S26: =N26/P26 -> 0.1379 | T26: =Q26*EXP((O26-M26)*24*DATA!$B$4) -> 320965.73 | U26: =T26/S26 -> 2327525.2 | V26: 45831.703 | W26: 231.2 | X26: 152390.64 | Y26: =IF(V26="","",(V26-$L26)*24) -> 2.1294444 | Z26: =IF(W26 = "", "", W26*X26/1000000) -> 35.232716 | AA26: =IF(Z26 = "", "", Z26*EXP(Y26*DATA!$B$4)*EXP(-DATA!$B$5*'Inputs-new'!Y26)) -> 35.481972 | AB26: 45833.32 | AC26: 76.3 | AD26: 165802.96 | AE26: =IF(AB26="","",(AB26-$L26)*24) -> 40.940556 | AF26: =IF(AC26 = "", "", AC26*AD26/1000000) -> 12.650766 | AG26: =IF(AF26 = "", "", AF26*EXP(AE26*DATA!$B$4)*EXP(-DATA!$B$5*'Inputs-new'!AE26)) -> 14.48703 | AH26: 45835.302 | AI26: 17.3 | AJ26: 151159.98 | AK26: =IF(AH26="","",(AH26-$L26)*24) -> 88.507222 | AL26: =IF(AI26 = "", "", AI26*AJ26/1000000) -> 2.6150677 | AM26: =IF(AL26 = "", "", AL26*EXP(AK26*DATA!$B$4)*EXP(-DATA!$B$5*'Inputs-new'!AK26)) -> 3.5053772 | AQ26: =IF(AN26="","",(AN26-$L26)*24) | AR26: =IF(AO26 = "", "", AO26*AP26/1000000) | AS26: =IF(AR26 = "", "", AR26*EXP(AQ26*DATA!$B$4)*EXP(-DATA!$B$5*'Inputs-new'!AQ26)) | AZ26: 45831.738 | BA26: 45854.59 | BB26: 254.2925 | BC26: =IF(AZ26 = "", "", 24*(AZ26-$L26)) -> 2.9666667 | BD26: =IF(BB26 = "", "", BB26*EXP(DATA!$B$4*(BA26-AZ26)*24)) -> 11246.469 | BE26: =IF(BD26 = "", "", BD26*EXP(BC26*DATA!$B$4)*EXP(-BC26*DATA!$B$5)) -> 11357.469 | BF26: =BD26*$S26/$T26 -> 0.0048319431 | BG26: =BE26*$S26/$T26 -> 0.004879633 | BH26: 45833.358 | BI26: 45854.596 | BJ26: 125.735 | BK26: =IF(BH26 = "", "", 24*(BH26-$L26)) -> 41.833333 | BL26: =IF(BJ26 = "", "", BJ26*EXP(DATA!$B$4*(BI26-BH26)*24)) -> 4255.6101 | BM26: =IF(BL26 = "", "", BL26*EXP(BK26*DATA!$B$4)*EXP(-BK26*DATA!$B$5)) -> 4887.7386 | BN26: =BL26*$S26/$T26 -> 0.0018283841 | BO26: =BM26*($S26/$T26) -> 0.0020999724 | BP26: 45835.337 | BQ26: 45854.601 | BR26: 23.99 | BS26: =IF(BP26 = "", "", 24*(BP26-$L26)) -> 89.333333 | BT26: =IF(BR26 = "", "", BR26*EXP(DATA!$B$4*(BQ26-BP26)*24)) -> 585.33277 | BU26: =IF(BT26 = "", "", BT26*EXP(BS26*DATA!$B$4)*EXP(-BS26*DATA!$B$5)) -> 786.76026 | BV26: =BT26*$S26/$T26 -> 0.00025148289 | BW26: =BU26*$S26/$T26 -> 0.00033802438 | CA26: =IF(BX26 = "", "", 24*(BX26-$L26)) | CB26: =IF(BZ26 = "", "", BZ26*EXP(DATA!$B$4*(BY26-BX26)*24)) | CC26: =IF(CB26 = "", "", CB26*EXP(CA26*DATA!$B$4)*EXP(-CA26*DATA!$B$5)) | CD26: =CB26*$S26/$T26 -> #VALUE! | CE26: =CC26*($S26/$T26) -> #VALUE! | CI26: =IF(CF26 = "", "", 24*(CF26-$L26)) | CN26: =AA26 -> 35.481972 | CO26: =AG26 -> 14.48703 | CP26: =AM26 -> 3.5053772 | CQ26: =AS26 | CR26: =AY26 -> 0 | CS26: =Y26 -> 2.1294444 | CT26: =AE26 -> 40.940556 | CU26: =AK26 -> 88.507222 | CV26: =AQ26 | CW26: =AW26 -> 0 | CX26: {=LOGEST(CN26:CP26,CS26:CU26,TRUE,TRUE)} -> 0.97344866 | CY26: 39.61133 | CZ26: 0 | DA26: 2 | DB26: 4 | DC26: 10 | DD26: 18 | DE26: 24 | DF26: 26 | DG26: 34 | DH26: 42 | DI26: 48 | DJ26: 50 | DK26: 58 | DL26: 66 | DM26: 74 | DN26: =($CY26*$CX26^CZ26)/$J26 -> 1.1078564 | DO26: =($CY26*$CX26^DA26)/$J26 -> 1.0498073 | DP26: =($CY26*$CX26^DB26)/$J26 -> 0.99479979 | DQ26: =($CY26*$CX26^DC26)/$J26 -> 0.84647471 | DR26: =($CY26*$CX26^DD26)/$J26 -> 0.68252472 | DS26: =($CY26*$CX26^DE26)/$J26 -> 0.58075999 | DT26: =($CY26*$CX26^DF26)/$J26 -> 0.55032949 | DU26: =($CY26*$CX26^DG26)/$J26 -> 0.44373858 | ... EA26: =($CY26*$CX26^DM26)/$J26 -> 0.15123391 | EB26: {=LOGEST(DN26:EA26,CZ26:DM26,TRUE,TRUE)} -> 0.97344866 | EC26: 1.1078564 | ED26: =-LN(DW26/DN26)/DI26 -> 0.026910197 | EE26: =LN(2)/ED26 -> 25.757789 | EF26: =(EC26*EE26)/LN(2) -> 41.168649 | EG26: =BG26 -> 0.004879633 | EH26: =BO26 -> 0.0020999724 | EI26: =BW26 -> 0.00033802438 | EJ26: =CE26 -> #VALUE! | EK26: =CM26 -> 0 | EL26: =BC26 -> 2.9666667 | EM26: =BK26 -> 41.833333 | EN26: =BS26 -> 89.333333 | EO26: =CA26 | EP26: =CI26 | EQ26: {=LOGEST(EG26:EI26, EL26:EN26, TRUE, TRUE)} -> 0.96929445 | ER26: 0.0061013948 | ES26: 0 | ET26: 2 | EU26: 4 | EV26: 10 | EW26: 18 | EX26: 24 | EY26: 26 | EZ26: 34 | FA26: 42 | FB26: 48 | FC26: 50 | FD26: 58 | FE26: 66 | FF26: 72 | FG26: 78 | FH26: 84 | FI26: 90 | FJ26: 96 | FK26: =($ER26*$EQ26^ES26)/$I26 -> 0.00017064485 | FL26: =($ER26*$EQ26^ET26)/$I26 -> 0.00016032625 | FM26: =($ER26*$EQ26^EU26)/$I26 -> 0.0001506316 | FN26: =($ER26*$EQ26^EV26)/$I26 -> 0.00012492531 | FO26: =($ER26*$EQ26^EW26)/$I26 -> 9.7341101e-05 | FP26: =($ER26*$EQ26^EX26)/$I26 -> 8.0729193e-05 | FQ26: =($ER26*$EQ26^EY26)/$I26 -> 7.5847638e-05 | FR26: =($ER26*$EQ26^EZ26)/$I26 -> 5.9100053e-05 | ... GB26: =($ER26*$EQ26^FJ26)/$I26 -> 8.5475741e-06 | GC26: {=LOGEST(FK26:GB26, ES26:FJ26, TRUE, TRUE)} -> 0.96929445 | GD26: 0.00017064485 | GE26: =-LN(FT26/FK26)/FB26 -> 0.031186844 | GF26: =LN(2)/GE26 -> 22.225628 | GG26: =(GF26*DATA!$B$3)/(DATA!$B$3+GF26) -> 19.92624 | GH26: =(GG26*GD26)/LN(2) -> 0.0049056107 | GI26: =DATA!$B$6/DW26 -> 9.7225867 | GK26: =IF(G26<F26, 0.0188*(G26^(-2/3)), 0.0188*F26^(-2/3)) -> 0.0013851958 | GL26: =GK26*EF26 + GH26*DATA!$B$8 -> 0.58683259 | GM26: =DATA!$B$7/GL26 -> 3.408127 | GO26: =GI26 -> 9.7225867 | GP26: =ROUNDDOWN(GO26*27.027,0) -> 262 | GQ26: =GM26 -> 3.408127 | GR26: =ROUNDDOWN(GQ26 * 27.027,0) -> 92 | GV26: =V26 -> 45831.703 | GW26: =Y26 -> 2.1294444 | GY26: =IF(GX26 = "", "", 0.001 * 4/3 *3.14159265*(GX26/2)^3) | GZ26: =IF(GS26="","",((GS26-GU26)*GT26/GY26)) | HD26: =AB26 -> 45833.32 | HE26: =AE26 -> 40.940556 | HI26: =AH26 -> 45835.302 | HJ26: =AK26 -> 88.507222 | HN26: =AN26 -> 0 | HO26: =AQ26 | HS26: =AT26 -> 0 | HT26: =AW26 -> 0 | HU26: =GW26 -> 2.1294444 | HV26: =HE26 -> 40.940556 | HW26: =HJ26 -> 88.507222 | HX26: =HO26 | HY26: =HT26 -> 0 | HZ26: =(GS26-GU26)*GT26/GY26 -> #VALUE! | IA26: =(HA26-HC26)*HB26/GY26 -> #VALUE! | IB26: =(HF26-HH26)*HG26/GY26 -> #VALUE! | IC26: =(HK26-HM26)*HL26/$GY26 -> #VALUE! | ID26: =(HP26-HR26)*HQ26/$GY26 -> #VALUE! | IE26: =HZ26*EXP(DATA!$B$4*'Inputs-new'!HU26) -> #VALUE! | IF26: =IA26*EXP(DATA!$B$4*'Inputs-new'!HV26) -> #VALUE! | IG26: =IB26*EXP(DATA!$B$4*'Inputs-new'!HW26) -> #VALUE! | IH26: =IC26*EXP(DATA!$B$4*'Inputs-new'!HX26) -> #VALUE! | II26: =ID26*EXP(DATA!$B$4*'Inputs-new'!HY26) -> #VALUE! | IJ26: {=LOGEST(IF26:IH26, HV26:HX26, TRUE, FALSE)} -> #VALUE! | IK26: #VALUE! | IL26: =IF(IK26="","",-LN(IJ26)) -> #VALUE! | IM26: =LN(2)/IL26 -> #VALUE! | IN26: =(IM26*DATA!$B$3)/(DATA!$B$3+'Inputs-new'!IM26) -> #VALUE! | IO26: =IK26 -> #VALUE! | IP26: =IO26/I26 -> #VALUE! | IQ26: =IN26/LN(2) -> #VALUE! | IR26: =IQ26*IP26/1000 -> #VALUE! | IS26: =110.01*(GY26^0.0275) -> #VALUE! | IT26: =IS26*IR26 -> #VALUE! | IU26: =IT26/1000 -> #VALUE! | IV26: =(80/IU26)/1000 -> #VALUE!
A27: 26 | C27: F | E27: 166 | F27: 106.8 | G27: =IF(C27 = "M", 65.76+(1.452*(E27-152)), 62.34+(1.247*(E27-152))) -> 79.798 | H27: 37 | I27: =Z27*EXP(DATA!$B$4*Y27) -> 57.900497 | J27: =AA27*EXP(DATA!$B$5*'Inputs-new'!Y27) -> 57.900497 | L27: 45831.61 | M27: 45831.683 | N27: 27.58 | O27: 45848.729 | P27: 200 | Q27: 19278.4 | R27: 6.58 | S27: =N27/P27 -> 0.1379 | T27: =Q27*EXP((O27-M27)*24*DATA!$B$4) -> 325579.03 | U27: =T27/S27 -> 2360979.2 | V27: 45831.681 | W27: 232.9 | X27: 245711.67 | Y27: =IF(V27="","",(V27-$L27)*24) -> 1.6952778 | Z27: =IF(W27 = "", "", W27*X27/1000000) -> 57.226248 | AA27: =IF(Z27 = "", "", Z27*EXP(Y27*DATA!$B$4)*EXP(-DATA!$B$5*'Inputs-new'!Y27)) -> 57.548322 | AB27: 45833.309 | AC27: 85.7 | AD27: 237943 | AE27: =IF(AB27="","",(AB27-$L27)*24) -> 40.770833 | AF27: =IF(AC27 = "", "", AC27*AD27/1000000) -> 20.391715 | AG27: =IF(AF27 = "", "", AF27*EXP(AE27*DATA!$B$4)*EXP(-DATA!$B$5*'Inputs-new'!AE27)) -> 23.338465 | AH27: 45835.319 | AI27: 26.1 | AJ27: 237080.09 | AK27: =IF(AH27="","",(AH27-$L27)*24) -> 88.996111 | AL27: =IF(AI27 = "", "", AI27*AJ27/1000000) -> 6.1877903 | AM27: =IF(AL27 = "", "", AL27*EXP(AK27*DATA!$B$4)*EXP(-DATA!$B$5*'Inputs-new'!AK27)) -> 8.307882 | AQ27: =IF(AN27="","",(AN27-$L27)*24) | AR27: =IF(AO27 = "", "", AO27*AP27/1000000) | AS27: =IF(AR27 = "", "", AR27*EXP(AQ27*DATA!$B$4)*EXP(-DATA!$B$5*'Inputs-new'!AQ27)) | AZ27: 45831.717 | BA27: 45848.735 | BB27: 455.93 | BC27: =IF(AZ27 = "", "", 24*(AZ27-$L27)) -> 2.55 | BD27: =IF(BB27 = "", "", BB27*EXP(DATA!$B$4*(BA27-AZ27)*24)) -> 7664.4879 | BE27: =IF(BD27 = "", "", BD27*EXP(BC27*DATA!$B$4)*EXP(-BC27*DATA!$B$5)) -> 7729.4648 | BF27: =BD27*$S27/$T27 -> 0.0032463174 | BG27: =BE27*$S27/$T27 -> 0.0032738386 | BH27: 45833.349 | BI27: 45848.741 | BJ27: 218.1825 | BK27: =IF(BH27 = "", "", 24*(BH27-$L27)) -> 41.733333 | BL27: =IF(BJ27 = "", "", BJ27*EXP(DATA!$B$4*(BI27-BH27)*24)) -> 2800.7713 | BM27: =IF(BL27 = "", "", BL27*EXP(BK27*DATA!$B$4)*EXP(-BK27*DATA!$B$5)) -> 3215.7333 | BN27: =BL27*$S27/$T27 -> 0.0011862753 | BO27: =BM27*($S27/$T27) -> 0.0013620337 | BP27: 45835.351 | BQ27: 45848.747 | BR27: 87.5575 | BS27: =IF(BP27 = "", "", 24*(BP27-$L27)) -> 89.766667 | BT27: =IF(BR27 = "", "", BR27*EXP(DATA!$B$4*(BQ27-BP27)*24)) -> 807.26788 | BU27: =IF(BT27 = "", "", BT27*EXP(BS27*DATA!$B$4)*EXP(-BS27*DATA!$B$5)) -> 1086.6265 | BV27: =BT27*$S27/$T27 -> 0.00034192079 | BW27: =BU27*$S27/$T27 -> 0.00046024398 | CA27: =IF(BX27 = "", "", 24*(BX27-$L27)) | CB27: =IF(BZ27 = "", "", BZ27*EXP(DATA!$B$4*(BY27-BX27)*24)) | CC27: =IF(CB27 = "", "", CB27*EXP(CA27*DATA!$B$4)*EXP(-CA27*DATA!$B$5)) | CD27: =CB27*$S27/$T27 -> #VALUE! | CE27: =CC27*($S27/$T27) -> #VALUE! | CI27: =IF(CF27 = "", "", 24*(CF27-$L27)) | CN27: =AA27 -> 57.548322 | CO27: =AG27 -> 23.338465 | CP27: =AM27 -> 8.307882 | CQ27: =AS27 | CR27: =AY27 -> 0 | CS27: =Y27 -> 1.6952778 | CT27: =AE27 -> 40.770833 | CU27: =AK27 -> 88.996111 | CV27: =AQ27 | CW27: =AW27 -> 0 | CX27: {=LOGEST(CN27:CP27,CS27:CU27,TRUE,TRUE)} -> 0.97810265 | CY27: 58.960289 | CZ27: 0 | DA27: 2 | DB27: 4 | DC27: 10 | DD27: 18 | DE27: 24 | DF27: 26 | DG27: 34 | DH27: 42 | DI27: 48 | DJ27: 50 | DK27: 58 | DL27: 66 | DM27: 74 | DN27: =($CY27*$CX27^CZ27)/$J27 -> 1.0183037 | DO27: =($CY27*$CX27^DA27)/$J27 -> 0.97419564 | DP27: =($CY27*$CX27^DB27)/$J27 -> 0.93199816 | DQ27: =($CY27*$CX27^DC27)/$J27 -> 0.8160592 | DR27: =($CY27*$CX27^DD27)/$J27 -> 0.68359227 | DS27: =($CY27*$CX27^DE27)/$J27 -> 0.59855458 | DT27: =($CY27*$CX27^DF27)/$J27 -> 0.57262806 | DU27: =($CY27*$CX27^DG27)/$J27 -> 0.47967613 | ... EA27: =($CY27*$CX27^DM27)/$J27 -> 0.1978452 | EB27: {=LOGEST(DN27:EA27,CZ27:DM27,TRUE,TRUE)} -> 0.97810265 | EC27: 1.0183037 | ED27: =-LN(DW27/DN27)/DI27 -> 0.022140656 | EE27: =LN(2)/ED27 -> 31.306533 | EF27: =(EC27*EE27)/LN(2) -> 45.992479 | EG27: =BG27 -> 0.0032738386 | EH27: =BO27 -> 0.0013620337 | EI27: =BW27 -> 0.00046024398 | EJ27: =CE27 -> #VALUE! | EK27: =CM27 -> 0 | EL27: =BC27 -> 2.55 | EM27: =BK27 -> 41.733333 | EN27: =BS27 -> 89.766667 | EO27: =CA27 | EP27: =CI27 | EQ27: {=LOGEST(EG27:EI27, EL27:EN27, TRUE, TRUE)} -> 0.9777525 | ER27: 0.0034728133 | ES27: 0 | ET27: 2 | EU27: 4 | EV27: 10 | EW27: 18 | EX27: 24 | EY27: 26 | EZ27: 34 | FA27: 42 | FB27: 48 | FC27: 50 | FD27: 58 | FE27: 66 | FF27: 72 | FG27: 78 | FH27: 84 | FI27: 90 | FJ27: 96 | FK27: =($ER27*$EQ27^ES27)/$I27 -> 5.997899e-05 | FL27: =($ER27*$EQ27^ET27)/$I27 -> 5.7339911e-05 | FM27: =($ER27*$EQ27^EU27)/$I27 -> 5.4816953e-05 | FN27: =($ER27*$EQ27^EV27)/$I27 -> 4.7894816e-05 | FO27: =($ER27*$EQ27^EW27)/$I27 -> 4.0005528e-05 | FP27: =($ER27*$EQ27^EX27)/$I27 -> 3.4953738e-05 | FQ27: =($ER27*$EQ27^EY27)/$I27 -> 3.3415772e-05 | FR27: =($ER27*$EQ27^EZ27)/$I27 -> 2.7911488e-05 | ... GB27: =($ER27*$EQ27^FJ27)/$I27 -> 6.9179441e-06 | GC27: {=LOGEST(FK27:GB27, ES27:FJ27, TRUE, TRUE)} -> 0.9777525 | GD27: 5.997899e-05 | GE27: =-LN(FT27/FK27)/FB27 -> 0.022498705 | GF27: =LN(2)/GE27 -> 30.808314 | GG27: =(GF27*DATA!$B$3)/(DATA!$B$3+GF27) -> 26.559897 | GH27: =(GG27*GD27)/LN(2) -> 0.0022982648 | GI27: =DATA!$B$6/DW27 -> 8.4132058 | GK27: =IF(G27<F27, 0.0188*(G27^(-2/3)), 0.0188*F27^(-2/3)) -> 0.0010142924 | GL27: =GK27*EF27 + GH27*DATA!$B$8 -> 0.29486242 | GM27: =DATA!$B$7/GL27 -> 6.7828243 | GO27: =GI27 -> 8.4132058 | GP27: =ROUNDDOWN(GO27*27.027,0) -> 227 | GQ27: =GM27 -> 6.7828243 | GR27: =ROUNDDOWN(GQ27 * 27.027,0) -> 183 | GV27: =V27 -> 45831.681 | GW27: =Y27 -> 1.6952778 | GY27: =IF(GX27 = "", "", 0.001 * 4/3 *3.14159265*(GX27/2)^3) | GZ27: =IF(GS27="","",((GS27-GU27)*GT27/GY27)) | HD27: =AB27 -> 45833.309 | HE27: =AE27 -> 40.770833 | HI27: =AH27 -> 45835.319 | HJ27: =AK27 -> 88.996111 | HN27: =AN27 -> 0 | HO27: =AQ27 | HS27: =AT27 -> 0 | HT27: =AW27 -> 0 | HU27: =GW27 -> 1.6952778 | HV27: =HE27 -> 40.770833 | HW27: =HJ27 -> 88.996111 | HX27: =HO27 | HY27: =HT27 -> 0 | HZ27: =(GS27-GU27)*GT27/GY27 -> #VALUE! | IA27: =(HA27-HC27)*HB27/GY27 -> #VALUE! | IB27: =(HF27-HH27)*HG27/GY27 -> #VALUE! | IC27: =(HK27-HM27)*HL27/$GY27 -> #VALUE! | ID27: =(HP27-HR27)*HQ27/$GY27 -> #VALUE! | IE27: =HZ27*EXP(DATA!$B$4*'Inputs-new'!HU27) -> #VALUE! | IF27: =IA27*EXP(DATA!$B$4*'Inputs-new'!HV27) -> #VALUE! | IG27: =IB27*EXP(DATA!$B$4*'Inputs-new'!HW27) -> #VALUE! | IH27: =IC27*EXP(DATA!$B$4*'Inputs-new'!HX27) -> #VALUE! | II27: =ID27*EXP(DATA!$B$4*'Inputs-new'!HY27) -> #VALUE! | IJ27: {=LOGEST(IF27:IH27, HV27:HX27, TRUE, FALSE)} -> #VALUE! | IK27: #VALUE! | IL27: =IF(IK27="","",-LN(IJ27)) -> #VALUE! | IM27: =LN(2)/IL27 -> #VALUE! | IN27: =(IM27*DATA!$B$3)/(DATA!$B$3+'Inputs-new'!IM27) -> #VALUE! | IO27: =IK27 -> #VALUE! | IP27: =IO27/I27 -> #VALUE! | IQ27: =IN27/LN(2) -> #VALUE! | IR27: =IQ27*IP27/1000 -> #VALUE! | IS27: =110.01*(GY27^0.0275) -> #VALUE! | IT27: =IS27*IR27 -> #VALUE! | IU27: =IT27/1000 -> #VALUE! | IV27: =(80/IU27)/1000 -> #VALUE!
I28: =Z28*EXP(DATA!$B$4*Y28) -> #VALUE! | J28: =AA28*EXP(DATA!$B$5*'Inputs-new'!Y28) -> #VALUE! | S28: =N28/P28 -> #DIV/0! | T28: =Q28*EXP((O28-M28)*24*DATA!$B$4) -> 0 | U28: =T28/S28 -> #DIV/0! | Y28: =IF(V28="","",(V28-$L28)*24) | Z28: =IF(W28 = "", "", W28*X28/1000000) | AA28: =IF(Z28 = "", "", Z28*EXP(Y28*DATA!$B$4)*EXP(-DATA!$B$5*'Inputs-new'!Y28)) | AE28: =IF(AB28="","",(AB28-$L28)*24) | AF28: =IF(AC28 = "", "", AC28*AD28/1000000) | AG28: =IF(AF28 = "", "", AF28*EXP(AE28*DATA!$B$4)*EXP(-DATA!$B$5*'Inputs-new'!AE28)) | AK28: =IF(AH28="","",(AH28-$L28)*24) | AL28: =IF(AI28 = "", "", AI28*AJ28/1000000) | AM28: =IF(AL28 = "", "", AL28*EXP(AK28*DATA!$B$4)*EXP(-DATA!$B$5*'Inputs-new'!AK28)) | AQ28: =IF(AN28="","",(AN28-$L28)*24) | AR28: =IF(AO28 = "", "", AO28*AP28/1000000) | AS28: =IF(AR28 = "", "", AR28*EXP(AQ28*DATA!$B$4)*EXP(-DATA!$B$5*'Inputs-new'!AQ28)) | BC28: =IF(AZ28 = "", "", 24*(AZ28-$L28)) | BD28: =IF(BB28 = "", "", BB28*EXP(DATA!$B$4*(BA28-AZ28)*24)) | BE28: =IF(BD28 = "", "", BD28*EXP(BC28*DATA!$B$4)*EXP(-BC28*DATA!$B$5)) | BF28: =BD28*$S28/$T28 -> #VALUE! | BG28: =BE28*$S28/$T28 -> #VALUE! | BK28: =IF(BH28 = "", "", 24*(BH28-$L28)) | BL28: =IF(BJ28 = "", "", BJ28*EXP(DATA!$B$4*(BI28-BH28)*24)) | BM28: =IF(BL28 = "", "", BL28*EXP(BK28*DATA!$B$4)*EXP(-BK28*DATA!$B$5)) | BN28: =BL28*$S28/$T28 -> #VALUE! | BO28: =BM28*($S28/$T28) -> #VALUE! | BS28: =IF(BP28 = "", "", 24*(BP28-$L28)) | BT28: =IF(BR28 = "", "", BR28*EXP(DATA!$B$4*(BQ28-BP28)*24)) | BU28: =IF(BT28 = "", "", BT28*EXP(BS28*DATA!$B$4)*EXP(-BS28*DATA!$B$5)) | BV28: =BT28*$S28/$T28 -> #VALUE! | BW28: =BU28*$S28/$T28 -> #VALUE! | CA28: =IF(BX28 = "", "", 24*(BX28-$L28)) | CB28: =IF(BZ28 = "", "", BZ28*EXP(DATA!$B$4*(BY28-BX28)*24)) | CC28: =IF(CB28 = "", "", CB28*EXP(CA28*DATA!$B$4)*EXP(-CA28*DATA!$B$5)) | CD28: =CB28*$S28/$T28 -> #VALUE! | CE28: =CC28*($S28/$T28) -> #VALUE! | CI28: =IF(CF28 = "", "", 24*(CF28-$L28)) | CN28: =AA28 | CO28: =AG28 | CP28: =AM28 | CQ28: =AS28 | CR28: =AY28 -> 0 | CS28: =Y28 | CT28: =AE28 | CU28: =AK28 | CV28: =AQ28 | CW28: =AW28 -> 0 | CX28: {=LOGEST(CN28:CO28,CS28:CT28,TRUE,TRUE)} -> #VALUE! | CY28: #VALUE! | CZ28: 0 | DA28: 2 | DB28: 4 | DC28: 10 | DD28: 18 | DE28: 24 | DF28: 26 | DG28: 34 | DH28: 42 | DI28: 48 | DJ28: 50 | DK28: 58 | DL28: 66 | DM28: 74 | DN28: =($CY28*$CX28^CZ28)/$J28 -> #VALUE! | DO28: =($CY28*$CX28^DA28)/$J28 -> #VALUE! | DP28: =($CY28*$CX28^DB28)/$J28 -> #VALUE! | DQ28: =($CY28*$CX28^DC28)/$J28 -> #VALUE! | DR28: =($CY28*$CX28^DD28)/$J28 -> #VALUE! | DS28: =($CY28*$CX28^DE28)/$J28 -> #VALUE! | DT28: =($CY28*$CX28^DF28)/$J28 -> #VALUE! | DU28: =($CY28*$CX28^DG28)/$J28 -> #VALUE! | ... EA28: =($CY28*$CX28^DM28)/$J28 -> #VALUE! | EB28: {=LOGEST(DN28:EA28,CZ28:DM28,TRUE,TRUE)} -> #VALUE! | EC28: #VALUE! | ED28: =-LN(DW28/DN28)/DI28 -> #VALUE! | EE28: =LN(2)/ED28 -> #VALUE! | EF28: =(EC28*EE28)/LN(2) -> #VALUE! | EG28: =BG28 -> #VALUE! | EH28: =BO28 -> #VALUE! | EI28: =BW28 -> #VALUE! | EJ28: =CE28 -> #VALUE! | EK28: =CM28 -> 0 | EL28: =BC28 | EM28: =BK28 | EN28: =BS28 | EO28: =CA28 | EP28: =CI28 | EQ28: {=LOGEST(EG28:EI28, EL28:EN28, TRUE, TRUE)} -> #VALUE! | ER28: #VALUE! | ES28: 0 | ET28: 2 | EU28: 4 | EV28: 10 | EW28: 18 | EX28: 24 | EY28: 26 | EZ28: 34 | FA28: 42 | FB28: 48 | FC28: 50 | FD28: 58 | FE28: 66 | FF28: 72 | FG28: 78 | FH28: 84 | FI28: 90 | FJ28: 96 | FK28: =($ER28*$EQ28^ES28)/$I28 -> #VALUE! | FL28: =($ER28*$EQ28^ET28)/$I28 -> #VALUE! | FM28: =($ER28*$EQ28^EU28)/$I28 -> #VALUE! | FN28: =($ER28*$EQ28^EV28)/$I28 -> #VALUE! | FO28: =($ER28*$EQ28^EW28)/$I28 -> #VALUE! | FP28: =($ER28*$EQ28^EX28)/$I28 -> #VALUE! | FQ28: =($ER28*$EQ28^EY28)/$I28 -> #VALUE! | FR28: =($ER28*$EQ28^EZ28)/$I28 -> #VALUE! | ... GB28: =($ER28*$EQ28^FJ28)/$I28 -> #VALUE! | GC28: {=LOGEST(FK28:GB28, ES28:FJ28, TRUE, TRUE)} -> #VALUE! | GD28: #VALUE! | GE28: =-LN(FT28/FK28)/FB28 -> #VALUE! | GF28: =LN(2)/GE28 -> #VALUE! | GG28: =(GF28*DATA!$B$3)/(DATA!$B$3+GF28) -> #VALUE! | GH28: =(GG28*GD28)/LN(2) -> #VALUE! | GI28: =DATA!$B$6/DW28 -> #VALUE! | GK28: =IF(G28<F28, 0.0188*(G28^(-2/3)), 0.0188*F28^(-2/3)) -> #DIV/0! | GL28: =GK28*EF28 + GH28*DATA!$B$8 -> #DIV/0! | GM28: =DATA!$B$7/GL28 -> #DIV/0! | GO28: =GI28 -> #VALUE! | GP28: =ROUNDDOWN(GO28*27.027,0) -> #VALUE! | GQ28: =GM28 -> #DIV/0! | GR28: =ROUNDDOWN(GQ28 * 27.027,0) -> #DIV/0! | GV28: =V28 -> 0 | GW28: =Y28 | GY28: =IF(GX28 = "", "", 0.001 * 4/3 *3.14159265*(GX28/2)^3) | GZ28: =IF(GS28="","",((GS28-GU28)*GT28/GY28)) | HD28: =AB28 -> 0 | HE28: =AE28 | HI28: =AH28 -> 0 | HJ28: =AK28 | HN28: =AN28 -> 0 | HO28: =AQ28 | HS28: =AT28 -> 0 | HT28: =AW28 -> 0 | HU28: =GW28 | HV28: =HE28 | HW28: =HJ28 | HX28: =HO28 | HY28: =HT28 -> 0 | HZ28: =(GS28-GU28)*GT28/GY28 -> #VALUE! | IA28: =(HA28-HC28)*HB28/GY28 -> #VALUE! | IB28: =(HF28-HH28)*HG28/GY28 -> #VALUE! | IC28: =(HK28-HM28)*HL28/$GY28 -> #VALUE! | ID28: =(HP28-HR28)*HQ28/$GY28 -> #VALUE! | IE28: =HZ28*EXP(DATA!$B$4*'Inputs-new'!HU28) -> #VALUE! | IF28: =IA28*EXP(DATA!$B$4*'Inputs-new'!HV28) -> #VALUE! | IG28: =IB28*EXP(DATA!$B$4*'Inputs-new'!HW28) -> #VALUE! | IH28: =IC28*EXP(DATA!$B$4*'Inputs-new'!HX28) -> #VALUE! | II28: =ID28*EXP(DATA!$B$4*'Inputs-new'!HY28) -> #VALUE! | IJ28: {=LOGEST(IF28:IH28, HV28:HX28, TRUE, FALSE)} -> #VALUE! | IK28: #VALUE! | IL28: =IF(IK28="","",-LN(IJ28)) -> #VALUE! | IM28: =LN(2)/IL28 -> #VALUE! | IN28: =(IM28*DATA!$B$3)/(DATA!$B$3+'Inputs-new'!IM28) -> #VALUE! | IO28: =IK28 -> #VALUE! | IP28: =IO28/I28 -> #VALUE! | IQ28: =IN28/LN(2) -> #VALUE! | IR28: =IQ28*IP28/1000 -> #VALUE! | IS28: =110.01*(GY28^0.0275) -> #VALUE! | IT28: =IS28*IR28 -> #VALUE! | IU28: =IT28/1000 -> #VALUE! | IV28: =(80/IU28)/1000 -> #VALUE!
I29: =Z29*EXP(DATA!$B$4*Y29) -> #VALUE! | J29: =AA29*EXP(DATA!$B$5*'Inputs-new'!Y29) -> #VALUE! | S29: =N29/P29 -> #DIV/0! | T29: =Q29*EXP((O29-M29)*24*DATA!$B$4) -> 0 | U29: =T29/S29 -> #DIV/0! | Y29: =IF(V29="","",(V29-$L29)*24) | Z29: =IF(W29 = "", "", W29*X29/1000000) | AA29: =IF(Z29 = "", "", Z29*EXP(Y29*DATA!$B$4)*EXP(-DATA!$B$5*'Inputs-new'!Y29)) | AE29: =IF(AB29="","",(AB29-$L29)*24) | AF29: =IF(AC29 = "", "", AC29*AD29/1000000) | AG29: =IF(AF29 = "", "", AF29*EXP(AE29*DATA!$B$4)*EXP(-DATA!$B$5*'Inputs-new'!AE29)) | AK29: =IF(AH29="","",(AH29-$L29)*24) | AL29: =IF(AI29 = "", "", AI29*AJ29/1000000) | AM29: =IF(AL29 = "", "", AL29*EXP(AK29*DATA!$B$4)*EXP(-DATA!$B$5*'Inputs-new'!AK29)) | AQ29: =IF(AN29="","",(AN29-$L29)*24) | AR29: =IF(AO29 = "", "", AO29*AP29/1000000) | AS29: =IF(AR29 = "", "", AR29*EXP(AQ29*DATA!$B$4)*EXP(-DATA!$B$5*'Inputs-new'!AQ29)) | BC29: =IF(AZ29 = "", "", 24*(AZ29-$L29)) | BD29: =IF(BB29 = "", "", BB29*EXP(DATA!$B$4*(BA29-AZ29)*24)) | BE29: =IF(BD29 = "", "", BD29*EXP(BC29*DATA!$B$4)*EXP(-BC29*DATA!$B$5)) | BF29: =BD29*$S29/$T29 -> #VALUE! | BG29: =BE29*$S29/$T29 -> #VALUE! | BK29: =IF(BH29 = "", "", 24*(BH29-$L29)) | BL29: =IF(BJ29 = "", "", BJ29*EXP(DATA!$B$4*(BI29-BH29)*24)) | BM29: =IF(BL29 = "", "", BL29*EXP(BK29*DATA!$B$4)*EXP(-BK29*DATA!$B$5)) | BN29: =BL29*$S29/$T29 -> #VALUE! | BO29: =BM29*($S29/$T29) -> #VALUE! | BS29: =IF(BP29 = "", "", 24*(BP29-$L29)) | BT29: =IF(BR29 = "", "", BR29*EXP(DATA!$B$4*(BQ29-BP29)*24)) | BU29: =IF(BT29 = "", "", BT29*EXP(BS29*DATA!$B$4)*EXP(-BS29*DATA!$B$5)) | BV29: =BT29*$S29/$T29 -> #VALUE! | BW29: =BU29*$S29/$T29 -> #VALUE! | CA29: =IF(BX29 = "", "", 24*(BX29-$L29)) | CB29: =IF(BZ29 = "", "", BZ29*EXP(DATA!$B$4*(BY29-BX29)*24)) | CC29: =IF(CB29 = "", "", CB29*EXP(CA29*DATA!$B$4)*EXP(-CA29*DATA!$B$5)) | CD29: =CB29*$S29/$T29 -> #VALUE! | CE29: =CC29*($S29/$T29) -> #VALUE! | CI29: =IF(CF29 = "", "", 24*(CF29-$L29)) | CN29: =AA29 | CO29: =AG29 | CP29: =AM29 | CQ29: =AS29 | CR29: =AY29 -> 0 | CS29: =Y29 | CT29: =AE29 | CU29: =AK29 | CV29: =AQ29 | CW29: =AW29 -> 0 | CX29: {=LOGEST(CN29:CO29,CS29:CT29,TRUE,TRUE)} -> #VALUE! | CY29: #VALUE! | CZ29: 0 | DA29: 2 | DB29: 4 | DC29: 10 | DD29: 18 | DE29: 24 | DF29: 26 | DG29: 34 | DH29: 42 | DI29: 48 | DJ29: 50 | DK29: 58 | DL29: 66 | DM29: 74 | DN29: =($CY29*$CX29^CZ29)/$J29 -> #VALUE! | DO29: =($CY29*$CX29^DA29)/$J29 -> #VALUE! | DP29: =($CY29*$CX29^DB29)/$J29 -> #VALUE! | DQ29: =($CY29*$CX29^DC29)/$J29 -> #VALUE! | DR29: =($CY29*$CX29^DD29)/$J29 -> #VALUE! | DS29: =($CY29*$CX29^DE29)/$J29 -> #VALUE! | DT29: =($CY29*$CX29^DF29)/$J29 -> #VALUE! | DU29: =($CY29*$CX29^DG29)/$J29 -> #VALUE! | ... EA29: =($CY29*$CX29^DM29)/$J29 -> #VALUE! | EB29: {=LOGEST(DN29:EA29,CZ29:DM29,TRUE,TRUE)} -> #VALUE! | EC29: #VALUE! | ED29: =-LN(DW29/DN29)/DI29 -> #VALUE! | EE29: =LN(2)/ED29 -> #VALUE! | EF29: =(EC29*EE29)/LN(2) -> #VALUE! | EG29: =BG29 -> #VALUE! | EH29: =BO29 -> #VALUE! | EI29: =BW29 -> #VALUE! | EJ29: =CE29 -> #VALUE! | EK29: =CM29 -> 0 | EL29: =BC29 | EM29: =BK29 | EN29: =BS29 | EO29: =CA29 | EP29: =CI29 | EQ29: {=LOGEST(EG29:EI29, EL29:EN29, TRUE, TRUE)} -> #VALUE! | ER29: #VALUE! | ES29: 0 | ET29: 2 | EU29: 4 | EV29: 10 | EW29: 18 | EX29: 24 | EY29: 26 | EZ29: 34 | FA29: 42 | FB29: 48 | FC29: 50 | FD29: 58 | FE29: 66 | FF29: 72 | FG29: 78 | FH29: 84 | FI29: 90 | FJ29: 96 | FK29: =($ER29*$EQ29^ES29)/$I29 -> #VALUE! | FL29: =($ER29*$EQ29^ET29)/$I29 -> #VALUE! | FM29: =($ER29*$EQ29^EU29)/$I29 -> #VALUE! | FN29: =($ER29*$EQ29^EV29)/$I29 -> #VALUE! | FO29: =($ER29*$EQ29^EW29)/$I29 -> #VALUE! | FP29: =($ER29*$EQ29^EX29)/$I29 -> #VALUE! | FQ29: =($ER29*$EQ29^EY29)/$I29 -> #VALUE! | FR29: =($ER29*$EQ29^EZ29)/$I29 -> #VALUE! | ... GB29: =($ER29*$EQ29^FJ29)/$I29 -> #VALUE! | GC29: {=LOGEST(FK29:GB29, ES29:FJ29, TRUE, TRUE)} -> #VALUE! | GD29: #VALUE! | GE29: =-LN(FT29/FK29)/FB29 -> #VALUE! | GF29: =LN(2)/GE29 -> #VALUE! | GG29: =(GF29*DATA!$B$3)/(DATA!$B$3+GF29) -> #VALUE! | GH29: =(GG29*GD29)/LN(2) -> #VALUE! | GI29: =DATA!$B$6/DW29 -> #VALUE! | GK29: =IF(G29<F29, 0.0188*(G29^(-2/3)), 0.0188*F29^(-2/3)) -> #DIV/0! | GL29: =GK29*EF29 + GH29*DATA!$B$8 -> #DIV/0! | GM29: =DATA!$B$7/GL29 -> #DIV/0! | GO29: =GI29 -> #VALUE! | GP29: =ROUNDDOWN(GO29*27.027,0) -> #VALUE! | GQ29: =GM29 -> #DIV/0! | GR29: =ROUNDDOWN(GQ29 * 27.027,0) -> #DIV/0! | GV29: =V29 -> 0 | GW29: =Y29 | GY29: =IF(GX29 = "", "", 0.001 * 4/3 *3.14159265*(GX29/2)^3) | GZ29: =IF(GS29="","",((GS29-GU29)*GT29/GY29)) | HD29: =AB29 -> 0 | HE29: =AE29 | HI29: =AH29 -> 0 | HJ29: =AK29 | HN29: =AN29 -> 0 | HO29: =AQ29 | HS29: =AT29 -> 0 | HT29: =AW29 -> 0 | HU29: =GW29 | HV29: =HE29 | HW29: =HJ29 | HX29: =HO29 | HY29: =HT29 -> 0 | HZ29: =(GS29-GU29)*GT29/GY29 -> #VALUE! | IA29: =(HA29-HC29)*HB29/GY29 -> #VALUE! | IB29: =(HF29-HH29)*HG29/GY29 -> #VALUE! | IC29: =(HK29-HM29)*HL29/$GY29 -> #VALUE! | ID29: =(HP29-HR29)*HQ29/$GY29 -> #VALUE! | IE29: =HZ29*EXP(DATA!$B$4*'Inputs-new'!HU29) -> #VALUE! | IF29: =IA29*EXP(DATA!$B$4*'Inputs-new'!HV29) -> #VALUE! | IG29: =IB29*EXP(DATA!$B$4*'Inputs-new'!HW29) -> #VALUE! | IH29: =IC29*EXP(DATA!$B$4*'Inputs-new'!HX29) -> #VALUE! | II29: =ID29*EXP(DATA!$B$4*'Inputs-new'!HY29) -> #VALUE! | IJ29: {=LOGEST(IF29:IH29, HV29:HX29, TRUE, FALSE)} -> #VALUE! | IK29: #VALUE! | IL29: =IF(IK29="","",-LN(IJ29)) -> #VALUE! | IM29: =LN(2)/IL29 -> #VALUE! | IN29: =(IM29*DATA!$B$3)/(DATA!$B$3+'Inputs-new'!IM29) -> #VALUE! | IO29: =IK29 -> #VALUE! | IP29: =IO29/I29 -> #VALUE! | IQ29: =IN29/LN(2) -> #VALUE! | IR29: =IQ29*IP29/1000 -> #VALUE! | IS29: =110.01*(GY29^0.0275) -> #VALUE! | IT29: =IS29*IR29 -> #VALUE! | IU29: =IT29/1000 -> #VALUE! | IV29: =(80/IU29)/1000 -> #VALUE!
GK31: =IF(G26<F26, 0.106*(G26), 0.106*F26) -> 5.3 | GL31: =GK26*EF26 + GH26*DATA!$B$10 -> 0.35626889 | GM31: =DATA!$B$7/GL31 -> 5.6137374
X33: =AA23/AG23 -> 1.3368792
X34: =AA24/AG24 -> 1.9412475

Sheet Lung Nodule Dosimetry
A5: =3.52*7.32 -> 25.7664 | B5: =#REF! -> #REF! | C5: =#REF! -> #REF! | D5: 10.5 | E5: =IF(D5 = "", "", 0.001 * 4/3 *3.14159265*(D5/2)^3) -> 0.60613103 | F5: =IF(A5 = "", "", A5/E5) -> 42.50962 | G5: 106.5 | H5: =#REF! -> #REF! | I5: =#REF! -> #REF! | J5: =1.84*11.8 -> 21.712 | K5: =#REF! -> #REF! | L5: =#REF! -> #REF!
A9: T2 | B9: =1.84*13.2 -> 24.288 | C9: =#REF! -> #REF! | D9: =#REF! -> #REF! | E9: 10 | F9: =IF(E9 = "", "", 0.001 * 4/3 *3.14159265*(E9/2)^3) -> 0.52359878 | G9: =IF(B9 = "", "", B9/F9) -> 46.386663 | H9: =1.99*60.3 -> 119.997 | I9: =#REF! -> #REF! | J9: =#REF! -> #REF! | K9: =1.64*27.83 -> 45.6412

Sheet DATA
A1: Name | B1: Value | C1: Units | D1: Reference
A2: 124 Halflife | B2: 100.32 | C2: h
A3: 131 Halflife | B3: =8.0252*24 -> 192.6048 | C3: h
A4: I124 Decay Constant | B4: =LN(2)/B2 -> 0.0069093618 | C4: h-1
A5: I131 Decay Constant | B5: 0.0035988053 | C5: h-1
A6: Maximum Safe Dose WB | B6: =2.96 -> 2.96 | C6: GBq | E6: =3*EXP(-B4*48)*EXP(B5*48) -> 2.5592278
A7: Maximum Safe Dose Bone Marrow | B7: 2 | C7: Gy
A8: S (blood <- blood) | B8: 108 | D8: Lassmann, M., Hänscheid, H., Chiesa, C., Hindorf, C., Flux, G., & Luster, M. (2008). EANM Dosimetry Committee series on standard operational procedures for pre-therapeutic dosimetry I: blood and bone marrow dosimetry in differentiated thyroid cancer therapy. European journal of nuclear medicine and molecular imaging, 35, 1405-1412.
A9: S (blood <- WB)
A10: S(BM-Blood) | B10: 61
A11: S (BM - WB)

Sheet Sheet1
A1: Month | B1: Units
A2: 11 | B2: 33100 | F2: Time | G2: =#REF! -> #REF! | H2: =#REF! -> #REF! | I2: =#REF! -> #REF! | J2: =#REF! -> #REF! | N2: Time | O2: =#REF! -> #REF! | P2: =#REF! -> #REF! | Q2: =#REF! -> #REF! | R2: =#REF! -> #REF! | V2: Time | W2: 1.5666667 | X2: 20.583333 | Y2: 46.733333
A3: 12 | B3: 47300 | G3: =#REF! -> #REF! | H3: =#REF! -> #REF! | I3: =#REF! -> #REF! | J3: =#REF! -> #REF! | K3: =#REF! -> #REF! | N3: Blood Activity (Mbq/ml) | O3: 0.0049806498 | P3: 0.0020943082 | Q3: 0.00075807488 | V3: WB Activity | W3: 63.175922 | X3: 32.5757 | Y3: 14.986234
A4: 13 | B4: 69000 | N4: Blood Activity (Mbq/ml.Mbq) | O4: =Sheet1!O3/'Inputs-new'!$H$8 -> 6.648845e-05 | P4: =Sheet1!P3/'Inputs-new'!$H$8 -> 2.7957658e-05 | Q4: =Sheet1!Q3/'Inputs-new'!$H$8 -> 1.0119809e-05 | V4: Normalised WB Activity | W4: =W3/'Inputs-new'!$J$8 -> 0.99437774 | X4: =X3/'Inputs-new'!$J$8 -> 0.5127357 | Y4: =Y3/'Inputs-new'!$J$8 -> 0.23588065
A5: 14 | B5: 102000
A6: 15 | B6: 150000
A7: 16 | B7: 220000
A9: {=LOGEST(B2:B7, A2:A7, TRUE, FALSE)} -> 1.4632756 | B9: 495.30477

Sheet Sheet2
A2: "18/11/2018" | B2: Time | C2: =#REF! -> #REF! | D2: =#REF! -> #REF! | E2: =#REF! -> #REF! | F2: =#REF! -> #REF! | G2: =#REF! -> #REF! | K2: Blood 1 | L2: Time | M2: =#REF! -> #REF! | N2: =#REF! -> #REF! | O2: =#REF! -> #REF! | P2: =#REF! -> #REF! | Q2: =#REF! -> #REF!
B3: Activity | C3: =#REF! -> #REF! | D3: =#REF! -> #REF! | E3: =#REF! -> #REF! | F3: =#REF! -> #REF! | G3: =#REF! -> #REF! | L3: Activity | M3: =#REF! -> #REF! | N3: =#REF! -> #REF! | O3: =#REF! -> #REF! | P3: =#REF! -> #REF! | Q3: =#REF! -> #REF!
B4: Normalised Activity | C4: =C3/($C$3*EXP(C2*DATA!$B$4)) -> #REF! | D4: =D3/($C$3*EXP(D2*DATA!$B$4)) -> #REF! | E4: =E3/($C$3*EXP(E2*DATA!$B$4)) -> #REF! | F4: =F3/($C$3*EXP(F2*DATA!$B$4)) -> #REF! | G4: =G3/($C$3*EXP(G2*DATA!$B$4)) -> #REF! | L4: Normalised Activity | M4: =M3/($C$3*EXP(M2*DATA!$B$4)) -> #REF! | N4: =N3/($C$3*EXP(N2*DATA!$B$4)) -> #REF! | O4: =O3/($C$3*EXP(O2*DATA!$B$4)) -> #REF! | P4: =P3/($C$3*EXP(P2*DATA!$B$4)) -> #REF! | Q4: =Q3/($C$3*EXP(Q2*DATA!$B$4)) -> #REF!
A6: "18/01/2021" | B6: Time | C6: =#REF! -> #REF! | D6: =#REF! -> #REF! | E6: =#REF! -> #REF! | F6: =#REF! -> #REF! | G6: =#REF! -> #REF! | K6: Blood 2 | L6: Time | M6: =#REF! -> #REF! | N6: =#REF! -> #REF! | O6: =#REF! -> #REF! | P6: =#REF! -> #REF! | Q6: =#REF! -> #REF!
B7: Activity | C7: =#REF! -> #REF! | D7: =#REF! -> #REF! | E7: =#REF! -> #REF! | F7: =#REF! -> #REF! | G7: =#REF! -> #REF! | L7: Activity | M7: =#REF! -> #REF! | N7: =#REF! -> #REF! | O7: =#REF! -> #REF! | P7: =#REF! -> #REF! | Q7: =#REF! -> #REF!
C8: =C7/($C$7*EXP(C6*DATA!$B$4)) -> #REF! | D8: =D7/($C$7*EXP(D6*DATA!$B$4)) -> #REF! | E8: =E7/($C$7*EXP(E6*DATA!$B$4)) -> #REF! | F8: =F7/($C$7*EXP(F6*DATA!$B$4)) -> #REF! | G8: =G7/($C$7*EXP(G6*DATA!$B$4)) -> #REF! | L8: Normalised Activity | M8: =M7/($C$7*EXP(M6*DATA!$B$4)) -> #REF! | N8: =N7/($C$7*EXP(N6*DATA!$B$4)) -> #REF! | O8: =O7/($C$7*EXP(O6*DATA!$B$4)) -> #REF! | P8: =P7/($C$7*EXP(P6*DATA!$B$4)) -> #REF! | Q8: =Q7/($C$7*EXP(Q6*DATA!$B$4)) -> #REF!
A10: "15/02/2021" | B10: Time | C10: =#REF! -> #REF! | D10: =#REF! -> #REF! | E10: =#REF! -> #REF! | F10: =#REF! -> #REF!
B11: Activity | C11: =#REF! -> #REF! | D11: =#REF! -> #REF! | E11: =#REF! -> #REF! | F11: =#REF! -> #REF!
B12: Normalised Activity | C12: =Sheet2!C11/#REF! -> #REF! | D12: =Sheet2!D11/#REF! -> #REF! | E12: =Sheet2!E11/#REF! -> #REF! | F12: =Sheet2!F11/#REF! -> #REF!
